"StudyID","rep_ID","YearEnd","OceanBasin","OceanBasinQ","province","code","lat_cat","pred_life_adjust","Abralia redfieldi","Abraliopsis affinis","Abraliopsis felis","Abraliopsis morisii","Acanthephyra pelagica","Alepisaurus ferox","Alloteuthis subulata","Alpheus glaber","Anarrhichthys ocellatus","Anchylomera blossevillei","Ancistrocheirus lesueurii","Ancistroteuthis lichtensteinii","Anoplopoma fimbria","Anotopterus nikparini","Anotopterus pharao","Antigonia capros","Arctozenus risso","Argonauta argo","Argonauta nodosus","Argyropelecus olfersii","Arnoglossus imperialis","Atlanta peronii","Axius stirhynchus","Balistes punctatus","Barathronus parfaiti","Belone belone","Benthosema glaciale","Berryteuthis anonychus","Beryx splendens","Blennius ocellaris","Boops boops","Brachioteuthis riisei","Brachyscelus crusculum","Brama orcini","Bregmaceros mcclellandi","Calanus finmarchicus","Canthidermis maculata","Capros aper","Carinaria lamarckii","Cavolinia tridentata","Centrolophus niger","Ceratoscopelus maderensis","Ceratoscopelus townsendi","Ceratoscopelus warmingii","Chelophyes appendiculata","Chiasmodon niger","Chiroteuthis veranii","Chlorophthalmus agassizi","Chtenopteryx sicula","Clio pyramidata","Cololabis saira","Cranchia scabra","Cubiceps gracilis","Cubiceps pauciradiatus","Cyphocaris faurei","Dactyloptena orientalis","Diacria trispinosa","Diaphus effulgens","Diaphus lucidus","Diaphus luetkeni","Diaphus perspicillatus","Diaphus theta","Diplodus sargus","Diplospinus multistriatus","Diretmus argenteus","Doryteuthis opalescens","Dosidicus gigas","Electrona rissoi","Eledone cirrhosa","Engraulis capensis","Engraulis encrasicolus","Engraulis japonicus","Engraulis mordax","Entelurus aequoreus","Eucleoteuthis luminosa","Euphausia pacifica","Eusergestes arcticus","Eusergestes similis","Eutrigla gurnardus","Funchalia taaningi","Gaidropsarus vulgaris","Galiteuthis armata","Gempylus serpens","Gennadas elegans","Gonatopsis borealis","Gonatus berryi","Gonatus onyx","Gonatus steenstrupi","Haliphron atlanticus","Helicocranchia pfefferi","Helicolenus dactylopterus","Heterocarpus laevigatus","Heteroteuthis dispar","Histioteuthis bonnellii","Histioteuthis heteropsis","Histioteuthis reversa","Hyaloteuthis pelagica","Hyperia galba","Icichthys lockingtoni","Idotea metallica","Illex argentinus","Illex coindetii","Janicella spinicauda","Janthina exigua","Japetella diaphana","Japetella heathi","Lagocephalus lagocephalus","Lampanyctodes hectoris","Lampanyctus alatus","Lampanyctus crocodilus","Lampanyctus intricarius","Lanceola sayana","Lepidocybium flavobrunneum","Leptocotis tenuirostris","Lestidiops ringens","Lestidiops similis","Lestidiops sphyrenoides","Lestrolepis intermedia","Liocranchia reinhardtii","Lobianchia gemellarii","Lycoteuthis lorigera","Lysiosquilla tredecimdentata","Macroparalepis affinis","Macroramphosus scolopax","Magnisudis atlantica","Mastigoteuthis dentata","Maurolicus imperatorius","Maurolicus muelleri","Medialuna californiensis","Meganyctiphanes norvegica","Melamphaes lugubris","Merluccius productus","Microgadus proximus","Micromesistius poutassou","Mullus barbatus barbatus","Myctophum asperum","Myctophum punctatum","Nannobrachium ritteri","Nansenia macrolepis","Natosquilla investigatoris","Nealotus tripes","Nematoscelis megalops","Neoanchisquilla tuberculata","Neognathophausia ingens","Nesiarchus nasutus","Notoscopelus kroyeri","Nyctiphanes australis","Octopoteuthis rugosa","Octopoteuthis sicula","Octopus bimaculatus","Octopus vulgaris","Ocythoe tuberculata","Odontodactylus scyllarus","Ommastrephes bartramii","Omosudis lowii","Onychoteuthis banksii","Onychoteuthis borealijaponica","Onykia robusta","Oplophorus typus","Ornithoteuthis antillarum","Ornithoteuthis volatilis","Ostracion cubicus","Palinurus mauritanicus","Paralepis coregonoides","Parapasiphae sulcatifrons","Parapronoe crustulum","Peristedion gracile","Phrosina semilunata","Platyscelus ovoides","Platyscelus serratulus","Pleuroncodes planipes","Pleuronichthys decurrens","Polybius henslowii","Primno macropa","Protomyctophum crockeri","Psenes pellucidus","Pteroctopus tetracirrhus","Pterycombus petersii","Pterygioteuthis giardi","Pyrosoma atlanticum","Pyroteuthis margaritifera","Ranzania laevis","Rexea prometheoides","Robustosergia robusta","Salpa maxima","Sardina pilchardus","Sardinops sagax","Scaeurgus unicirrhus","Scomber japonicus","Scomber scombrus","Scomberesox saurus","Scopelarchus analis","Scopelogadus mizolepis bispinosus","Scyllarus arctus","Sebastes brevispinis","Sebastes diploproa","Sebastes proriger","Sebastes wilsoni","Selene setapinnis","Sepietta oweniana","Soestia zonaria","Spondyliosoma cantharus","Stenobrachius leucopsarus","Sternoptyx diaphana","Sthenoteuthis oualaniensis","Stigmatoteuthis dofleini","Stigmatoteuthis hoylei","Streetsia challengeri","Stylocheiron abbreviatum","Symbolophorus barnardi","Syngnathus californiensis","Systellaspis debilis","Taningia danae","Tarletonbeania crenularis","Tetragonurus atlanticus","Teuthowenia megalops","Thaleichthys pacificus","Themisto gaudichaudii","Thyrsitoides marleyi","Thysanoteuthis rhombus","Todarodes pacificus","Todarodes sagittatus","Todaropsis eblanae","Trachinotus ovatus","Trachurus japonicus","Trachurus symmetricus","Trachurus trachurus","Tremoctopus gracilis","Tremoctopus violaceus","Triphoturus mexicanus","Vinciguerria lucetia","Walvisteuthis rancureli"
"Aloncle1973","Aloncle1973_1",1971,"N Atlantic","NE Atlantic","Westerlies - N. Atlantic Drift Province (WWDR)","NADR","temperate","juvenile",0,0,0,0,0,0,0,0,0,0,0,0,0,0,0,0,8.25,0,0,0,0,0,0,0,0,0,0,0,0,0,0,0,0,0,0,0,0,0,0,0,0,0,0,0,0,0,0,0,0,0,0,0,10,0,0,0,0,0,0,0,0,0,0,0,0,0,0,0,0,0,0,0,0,0,0,0,0,0,0,0,0,0,0,0,0,0,0,0,0,0,0,0,0,0,0,0,0,0,0,0,0,0,0,0,0,0,0,0,0,0,0,0,0,0,0,0,8.25,0,0,0,0,0,0,30,0,0,0,16,0,34.25,0,0,0,0,0,0,0,0,0,0,0,15.5,0,0,0,0,0,0,0,0,0,0,0,0,0,0,0,0,0,0,0,0,0,8.25,0,0,0,0,0,0,0,0,0,0,0,0,0,0,0,0,0,0,0,0,0,0,0,0,0,0,16,0,0,0,0,0,0,0,0,0,0,0,0,0,0,0,0,0,0,0,0,0,0,0,0,0,0,27,0,0,0,0,0,0,0,0,0,0,0,0,0,0
"Bello1999","Bello1999_2",1992,"Mediterranean","Mediterranean","Westerlies - Mediterranean Sea, Black Sea Province","MEDI","temperate","juvenile",0,0,0,0,0,0,0,0,0,0,0,0,0,0,0,0,0,0,0,0,0,0,0,0,0,0,0,0,0,0,0,0,0,0,0,0,0,0,0,0,0,0,0,0,0,0,0,0,0,0,0,0,0,0,0,0,0,0,0,0,0,0,0,0,0,0,0,0,0,0,0,0,0,0,0,0,0,0,0,0,0,0,0,0,0,0,0,0,0,0,0,0,58.1,6.5,0,0,0,0,0,0,0,0,0,0,0,0,0,0,0,0,0,0,0,0,0,0,0,0,0,0,0,0,0,0,0,0,0,0,0,0,0,0,0,0,0,0,0,0,0,0,0,0,0,0,0,0,0,0,0,0,0,0,0,0,0,0,0,0,0,0,0,0,0,0,0,0,0,0,0,0,0,0,0,0,0,0,0,0,0,0,0,0,0,0,0,0,0,0,0,0,0,0,0,0,0,0,0,0,0,0,0,0,0,0,0,0,0,0,0,0,0,0,0,0,0,0,0,0,0,0,0,25.8,0,0,0,0,0,0,0,0,0,0
"Bello1999","Bello1999_3",1994,"Mediterranean","Mediterranean","Westerlies - Mediterranean Sea, Black Sea Province","MEDI","temperate","juvenile",0,0,0,0,0,0,0,0,0,0,0,0,0,0,0,0,0,0,0,0,0,0,0,0,0,0,0,0,0,0,0,0,0,0,0,0,0,0,0,0,0,0,0,0,0,0,0,0,0,0,0,0,0,0,0,0,0,0,0,0,0,0,0,0,0,0,0,0,0,0,0,0,0,0,0,0,0,0,0,0,0,0,0,0,0,0,0,0,0,0,0,0,57.9,63.2,0,0,0,0,0,0,0,0,0,0,0,0,0,0,0,0,0,0,0,0,0,0,0,0,0,0,0,0,0,0,0,0,0,0,0,0,0,0,0,0,0,0,0,0,0,0,0,0,0,0,0,0,0,0,0,0,0,0,0,0,0,0,0,0,0,0,0,0,0,0,0,0,0,0,0,0,0,0,0,0,0,0,0,0,0,0,0,0,0,0,0,0,0,0,0,0,0,0,0,0,0,0,0,0,0,0,0,0,0,0,0,0,0,0,0,0,0,0,0,0,0,0,0,0,0,0,0,73.7,0,0,0,0,0,0,0,0,0,0
"Bernard1985","Bernard1985_4",1983,"N Pacific","NE Pacific","Coastal - California Upwelling Coastal Province","CCAL","temperate","juvenile",0,0,0,0,0,0,0,0,0,0,0,0,0,0,0,0,0,0,0,0,0,0,0,0,0,0,0,0,0,0,0,0,0,0,0,0,0,0,0,0,0,0,0,0,0,0,0,0,0,0,0,0,0,0,0,0,0,0,0,0,0,0,0,0,0,0,0,0,0,0,0,0,69.7,0,0,0,0,0,0,0,0,0,0,0,0,0,0,0,0,0,0,0,0,0,0,0,0,0,0,0,0,0,0,0,0,0,0,0,0,0,0,0,0,0,0,0,0,0,0,0,0,0,0,0,0,0,0,0,0,0,0,0,0,0,0,0,0,0,0,0,0,0,0,0,0,0,0,0,0,0,0,0,0,0,0,0,0,0,0,0,0,0,0,0,0,0,0,0,0,0,0,0,0,0,0,0,0,0,0,0,0,0,0,0,0,0,0,0,0,0,0,0,0,0,0,0,0,0,0,0,0,0,0,0,0,0,0,0,0,0,0,0,0,0,0,0,0,0,0,0,0,0,0,0,0,0,0,0,0,0,0,0
"Bouxin&Legendre","Bouxin&Legendre_5",1928,"N Atlantic","NE Atlantic","Westerlies - N. Atlantic Drift Province (WWDR)","NADR","temperate","mixed",0,0,0,0,0,0,0,0,0,0,0,0,0,0,0,0,0,0,0,100,0,0,0,0,0,0,0,0,0,0,0,0,0,0,0,0,0,0,0,0,0,0,0,0,0,0,0,0,0,0,0,0,0,0,0,0,0,0,0,0,0,0,0,0,0,0,0,0,0,0,0,0,0,0,0,0,0,0,0,0,0,0,0,0,0,0,0,0,0,0,0,0,0,0,0,0,0,0,0,0,0,0,0,0,0,0,0,0,0,0,0,0,0,0,0,0,0,0,0,0,0,0,0,0,0,0,0,0,0,0,0,0,0,0,0,0,0,0,0,0,0,0,0,0,0,0,0,0,0,0,0,0,0,0,0,0,0,0,0,0,0,0,0,0,0,0,0,0,0,0,0,0,0,0,0,0,0,0,0,0,0,0,0,0,0,0,0,0,0,0,0,0,0,0,0,0,0,0,0,0,0,0,0,0,0,0,0,0,0,0,0,0,0,0,0,0,0,0,0,0,0,0,0,0,0,0,0,0,0,0,0,0
"Bouxin&Legendre","Bouxin&Legendre_6",1929,"N Atlantic","NE Atlantic","Westerlies - N. Atlantic Drift Province (WWDR)","NADR","temperate","mixed",0,0,0,0,0,0,0,0,0,0,0,0,0,0,0,0,0,0,0,0,0,0,0,0,0,0,0,0,0,0,0,16.6666666666667,33.3333333333333,0,0,0,0,0,33.3333333333333,0,0,0,0,0,0,0,0,0,33.3333333333333,0,0,0,0,0,0,0,0,0,0,0,0,0,0,0,0,0,0,0,0,0,16.6666666666667,0,0,0,0,0,33.3333333333333,0,0,0,0,0,0,0,0,0,0,0,0,0,0,0,0,0,0,0,0,0,0,0,0,0,0,0,0,0,0,0,0,0,0,0,0,0,0,0,16.6666666666667,0,0,0,0,0,0,0,0,0,0,50,0,0,0,0,0,0,0,0,0,0,0,0,0,33.3333333333333,0,0,0,0,0,0,0,0,16.6666666666667,0,0,0,0,66.6666666666667,0,0,0,0,0,0,0,33.3333333333333,0,0,0,16.6666666666667,0,0,0,0,0,0,0,0,0,0,0,0,0,0,0,0,0,0,0,0,0,0,16.6666666666667,0,0,16.6666666666667,0,0,0,0,0,0,0,0,0,33.3333333333333,0,0,0,0,0,0,0,0,0,0,0,16.6666666666667,0,0,0,0,0,33.3333333333333,0,0,0,0,33.3333333333333,0,0,0,0,0
"Bouxin&Legendre","Bouxin&Legendre_7",1930,"N Atlantic","NE Atlantic","Westerlies - N. Atlantic Drift Province (WWDR)","NADR","temperate","mixed",0,0,0,0,0,0,0,0,0,0,0,0,0,0,0,0,0,0,0,33.3333333333333,11.1111111111111,0,0,0,0,0,0,0,0,0,11.1111111111111,0,33.3333333333333,0,0,0,0,0,0,0,0,0,0,0,0,0,11.1111111111111,0,11.1111111111111,11.1111111111111,0,0,0,0,0,0,0,0,0,0,0,0,0,0,0,0,0,0,0,0,0,0,0,0,0,0,33.3333333333333,0,0,0,0,0,0,0,0,0,0,0,0,0,0,0,11.1111111111111,0,0,22.2222222222222,0,0,0,0,0,0,0,0,0,0,0,0,0,0,0,0,0,0,0,0,0,0,0,0,0,0,0,0,0,0,0,55.5555555555556,0,0,0,0,0,0,0,0,0,0,0,0,0,33.3333333333333,0,11.1111111111111,0,0,0,0,0,0,0,0,0,0,0,55.5555555555556,0,0,0,0,0,0,0,66.6666666666667,0,0,0,11.1111111111111,0,0,0,0,0,0,0,0,0,0,0,0,0,0,0,0,0,0,0,0,0,0,22.2222222222222,0,0,11.1111111111111,0,0,0,0,0,0,0,0,0,44.4444444444444,0,0,0,0,0,0,0,0,0,0,0,0,0,0,0,0,0,44.4444444444444,0,0,0,0,11.1111111111111,0,0,0,0,0
"Bouxin&Legendre","Bouxin&Legendre_8",1930,"N Atlantic","NE Atlantic","Westerlies - N. Atlantic Drift Province (WWDR)","NADR","temperate","mixed",0,0,0,0,16.6666666666667,0,0,0,0,0,0,0,0,0,0,0,0,0,0,0,0,0,0,0,0,0,0,0,0,0,0,0,0,0,0,0,0,0,0,0,0,0,0,0,0,0,0,0,0,0,0,0,0,0,0,0,0,0,0,0,0,0,0,0,0,0,0,0,0,0,0,0,0,0,0,0,0,0,0,0,0,0,0,0,0,0,0,0,0,0,0,0,0,0,0,0,0,0,0,0,0,0,0,0,0,0,0,0,0,0,0,0,0,0,0,0,0,0,0,0,0,0,0,0,0,0,0,0,0,0,0,0,0,0,0,0,0,0,0,0,0,0,0,0,0,0,0,0,0,0,0,0,0,0,0,0,0,0,0,0,0,0,0,0,0,0,0,0,0,0,0,0,0,0,0,0,0,0,0,0,0,0,0,0,0,0,0,0,0,0,0,0,0,0,0,0,0,0,0,0,0,0,0,0,0,0,0,0,0,0,0,0,0,0,0,0,0,0,0,0,0,0,0,0,0,0,0,0,0,0,0,0
"Bouxin&Legendre","Bouxin&Legendre_9",1931,"N Atlantic","NE Atlantic","Westerlies - N. Atlantic Drift Province (WWDR)","NADR","temperate","mixed",0,0,0,0,0,0,0,11.1111111111111,0,0,0,0,0,0,11.1111111111111,0,0,0,0,0,0,0,0,0,0,0,0,0,0,0,0,0,0,0,0,0,0,0,0,0,0,0,0,0,0,0,0,0,0,0,0,0,0,0,0,0,0,0,0,0,0,0,0,0,0,0,0,0,0,0,0,0,0,0,0,0,0,0,0,0,0,0,0,0,0,0,0,0,0,0,0,0,0,0,0,0,0,0,0,0,0,0,0,0,0,0,0,0,0,0,0,0,0,0,0,0,0,0,0,0,0,0,0,0,0,0,0,0,0,0,0,0,0,0,0,0,0,0,0,0,0,0,0,0,0,0,0,0,0,0,0,0,0,0,0,0,0,0,0,0,0,0,0,0,0,0,0,0,0,0,0,0,0,0,0,0,0,0,0,0,0,0,0,0,0,0,0,0,0,0,0,0,0,0,0,0,0,0,0,0,0,0,0,0,0,0,0,0,0,0,0,0,0,0,0,0,0,0,0,0,0,0,0,0,0,0,0,0,0,0,0,0
"Bouxin&Legendre","Bouxin&Legendre_10",1931,"N Atlantic","NE Atlantic","Westerlies - N. Atlantic Drift Province (WWDR)","NADR","temperate","mixed",0,0,0,0,0,0,0,0,0,0,0,0,0,0,0,0,0,0,0,28,24,0,4,0,0,0,0,0,0,0,0,28,80,0,0,0,0,0,32,0,0,8,0,0,16,0,16,0,12,0,0,0,0,0,0,0,0,0,0,0,0,0,0,0,0,0,0,0,8,0,4,0,0,0,0,0,52,0,4,0,8,28,0,4,0,0,0,0,0,4,16,0,48,8,0,28,0,0,0,0,0,0,0,4,4,0,0,0,0,16,8,0,0,0,0,0,0,0,0,4,0,0,0,0,0,0,0,64,0,0,0,0,0,0,0,0,16,0,0,0,0,60,0,0,0,4,0,0,4,0,12,4,0,0,0,48,0,0,0,0,0,0,8,32,4,0,0,28,0,0,0,0,24,0,0,0,0,0,0,0,0,0,0,0,0,0,0,0,0,0,40,0,0,20,0,0,0,0,0,0,0,0,0,4,0,0,0,40,4,0,0,8,0,0,8,8,0,0,0,0,0,32,0,0,0,0,0,0,0,0,0,0
"Bouxin&Legendre","Bouxin&Legendre_11",1931,"N Atlantic","NE Atlantic","Westerlies - N. Atlantic Drift Province (WWDR)","NADR","temperate","mixed",0,0,0,0,0,0,0,0,0,0,0,0,0,0,0,0,0,0,0,0,0,0,0,0,0,0,0,0,0,0,0,0,0,0,0,0,0,0,0,0,0,0,0,0,0,0,0,0,0,0,0,0,0,0,0,0,0,0,0,0,0,0,0,0,0,0,0,0,0,0,0,0,0,0,0,0,0,0,0,0,0,0,0,0,0,0,0,0,0,0,0,0,0,0,0,0,0,0,0,0,0,0,0,0,0,0,0,0,0,0,0,0,0,0,0,0,0,0,0,0,0,0,0,0,0,0,0,0,0,0,0,0,0,0,0,0,0,0,0,0,0,0,0,0,0,0,0,0,0,0,0,0,0,0,0,0,0,0,0,0,0,0,0,0,0,0,0,0,0,0,0,0,0,0,0,0,0,0,0,0,0,0,0,0,0,0,0,0,0,0,0,0,0,0,0,0,0,0,0,0,0,0,0,0,0,0,0,0,0,0,0,0,0,0,0,0,0,0,0,0,0,0,0,0,0,0,20,0,0,0,0,0
"Bouxin&Legendre","Bouxin&Legendre_12",1932,"N Atlantic","NE Atlantic","Westerlies - N. Atlantic Drift Province (WWDR)","NADR","temperate","mixed",0,0,0,0,5.71428571428571,0,0,2.85714285714286,0,0,0,0,0,0,0,0,17.1428571428571,0,0,8.57142857142857,14.2857142857143,0,0,0,0,2.85714285714286,0,0,0,2.85714285714286,8.57142857142857,17.1428571428571,71.4285714285714,0,0,0,0,14.2857142857143,34.2857142857143,0,0,20,0,0,5.71428571428571,0,17.1428571428571,2.85714285714286,11.4285714285714,0,0,0,0,0,0,0,5.71428571428571,0,0,2.85714285714286,0,0,2.85714285714286,0,0,0,0,5.71428571428571,0,0,14.2857142857143,0,0,2.85714285714286,0,0,42.8571428571429,0,0,0,2.85714285714286,54.2857142857143,0,0,0,0,0,0,0,5.71428571428571,14.2857142857143,0,28.5714285714286,0,0,8.57142857142857,0,5.71428571428571,0,2.85714285714286,0,0,0,5.71428571428571,2.85714285714286,0,0,0,0,48.5714285714286,25.7142857142857,0,0,0,0,0,8.57142857142857,0,0,0,0,0,0,0,0,0,0,85.7142857142857,0,5.71428571428571,0,0,0,0,0,0,37.1428571428571,0,0,0,0,80,0,0,0,2.85714285714286,0,0,11.4285714285714,0,0,0,0,0,0,80,0,0,0,0,0,0,5.71428571428571,65.7142857142857,0,0,0,62.8571428571429,2.85714285714286,0,0,0,51.4285714285714,2.85714285714286,0,0,0,0,0,2.85714285714286,0,0,0,2.85714285714286,0,0,0,0,0,0,40,0,0,2.85714285714286,0,0,0,0,0,2.85714285714286,8.57142857142857,0,0,31.4285714285714,0,0,0,8.57142857142857,5.71428571428571,0,0,0,0,0,14.2857142857143,2.85714285714286,0,0,0,0,0,0,0,0,0,0,0,0,0,0,0,0
"Bouxin&Legendre","Bouxin&Legendre_13",1932,"N Atlantic","NE Atlantic","Westerlies - N. Atlantic Drift Province (WWDR)","NADR","temperate","mixed",0,0,0,0,38.8888888888889,0,0,0,0,0,0,0,0,0,0,0,0,0,0,0,0,0,0,0,0,0,0,0,0,0,0,0,0,0,0,0,0,0,0,0,0,0,0,0,0,0,0,0,0,0,0,0,0,0,0,0,0,0,0,0,0,0,0,0,0,0,0,0,0,0,0,0,0,0,0,0,0,0,0,0,0,0,0,0,0,0,0,0,0,0,0,0,0,0,0,0,0,0,0,0,0,0,0,0,0,0,0,0,0,0,0,0,0,0,0,0,0,0,0,0,0,0,0,0,0,0,0,0,0,0,0,0,0,0,0,0,0,0,0,0,0,0,0,0,0,0,0,0,0,0,0,0,0,0,0,0,0,0,0,0,0,0,0,0,0,0,0,0,0,0,0,0,0,0,0,0,0,0,0,0,0,0,0,0,0,0,0,0,0,0,0,0,0,0,0,0,0,0,0,0,0,0,0,0,0,0,0,0,0,0,0,0,0,0,0,0,0,0,0,0,0,37.037037037037,0,0,0,0,35.1851851851852,0,0,0,0,0
"Bouxin&Legendre","Bouxin&Legendre_14",1933,"N Atlantic","NE Atlantic","Westerlies - N. Atlantic Drift Province (WWDR)","NADR","temperate","mixed",0,0,0,0,0,0,0,1.85185185185185,0,0,0,0,0,0,5.55555555555556,0,38.8888888888889,0,0,12.962962962963,24.0740740740741,1.85185185185185,0,0,1.85185185185185,0,0,0,0,5.55555555555556,0,29.6296296296296,92.5925925925926,0,0,3.7037037037037,0,11.1111111111111,33.3333333333333,0,1.85185185185185,29.6296296296296,0,0,7.40740740740741,0,7.40740740740741,0,33.3333333333333,1.85185185185185,0,0,0,0,0,0,5.55555555555556,0,0,0,0,0,0,0,0,0,0,1.85185185185185,1.85185185185185,0,25.9259259259259,0,0,5.55555555555556,0,0,20.37037037,0,0,0,3.7037037037037,29.6296296296296,0,0,0,0,0,0,0,7.40740740740741,9.25925925925926,0,14.8148148148148,0,0,25.9259259259259,0,0,0,3.7037037037037,0,0,0,1.85185185185185,1.85185185185185,0,0,0,5.55555555555556,40.7407407407407,37.037037037037,1.85185185185185,0,0,0,0,31.4814814814815,0,1.85185185185185,0,0,0,0,0,0,0,0,72.2222222222222,0,1.85185185185185,0,0,0,0,1.85185185185185,0,68.5185185185185,0,0,0,0,70.3703703703704,0,0,0,0,0,0,9.25925925925926,0,3.7037037037037,0,0,0,0,83.3333333333333,0,0,0,0,0,0,5.55555555555556,81.4814814814815,3.7037037037037,0,0,59.2592592592593,9.25925925925926,1.85185185185185,0,0,16.6666666666667,0,0,0,0,0,0,0,0,0,0,0,0,0,0,0,0,0,64.8148148148148,0,0,7.40740740740741,0,0,0,0,0,0,0,1.85185185185185,0,31.4814814814815,0,0,0,25.9259259259259,16.6666666666667,0,0,0,0,0,9.25925925925926,1.85185185185185,0,0,0,0,0,66.6666666666667,0,1.85185185185185,0,0,42.5925925925926,0,0,0,0,0
"DosSantos&Haimovici2002","DosSantos&Haimovici2002_23",1998,"S Atlantic","SW Atlantic","Trades - South Atlantic Gyral Province (SATG)","SATL","temperate","adult",5,0,0,0,0,0,0,0,0,0,0,0,0,0,0,0,0,0,5,0,0,0,0,0,0,0,0,0,0,0,0,0,0,0,0,0,0,0,0,0,0,0,0,0,0,0,5,0,0,0,0,0,0,0,0,0,0,0,0,0,0,0,0,0,0,0,0,0,0,0,0,0,0,0,0,0,0,0,0,0,0,0,0,0,0,0,0,0,5,0,0,0,12,0,0,0,0,0,0,0,12,0,0,0,0,0,0,0,0,0,0,0,0,0,0,0,0,0,0,0,12,0,0,0,0,0,0,0,0,0,0,0,0,0,0,0,0,0,0,0,0,0,0,0,0,0,0,0,0,0,5,5,0,5,0,0,0,0,0,12,0,0,0,0,0,0,0,0,0,0,0,0,0,0,0,0,0,0,0,0,0,0,0,0,0,0,0,0,0,0,0,0,0,0,0,0,0,0,0,0,0,0,0,0,0,0,0,0,0,0,0,0,0,0,0,0,0,0,0,0,0,0,0,0,0,0,0,0,5,0,0,0
"Glaser2015","Glaser2015_24",2006,"N Pacific","NE Pacific","Coastal - California Upwelling Coastal Province","CCAL","temperate","juvenile",0,0,0,0,0,0,0,0,0,0,0,0,0,1,0,0,0,1,0,0,0,0,0,0,0,0,0,0,0,0,0,0,0,0,0,0,0,0,0,0,0,0,0,0,0,0,0,0,0,0,18,0,0,0,0,0,0,0,0,0,0,1,0,0,0,9,0,0,0,0,0,0,53,0,0,0,0,0,0,0,0,0,0,0,0,0,1,0,0,0,0,0,0,0,0,0,0,0,1,0,0,0,0,0,0,7,0,0,0,0,0,0,0,0,4,0,0,0,0,0,0,0,0,0,0,1,0,0,0,0,0,16,0,0,0,0,0,0,0,0,0,0,0,0,0,0,0,0,0,0,0,0,0,0,0,0,19,3,0,0,0,0,0,0,0,0,0,0,0,0,1,1,0,0,0,0,0,0,0,0,0,0,0,0,0,0,27,0,0,0,0,0,0,0,1,1,1,1,0,0,0,0,3,0,0,0,0,0,0,0,1,0,0,1,0,0,0,0,0,0,0,0,0,0,0,4,0,0,0,0,0,0
"Goni2011","Goni2011_25",2005,"Mediterranean","Mediterranean","Westerlies - Mediterranean Sea, Black Sea Province","MEDI","temperate","juvenile",0,0,0,0,0,0,0,0,0,0,0,0,0,0,0,0,0,0,0,0,0,0,0,0,0,0,0,0,0,0,0,0,0,0,0,0,0,0,0,0,0,0,0,0,0,0,0,0,0,0,0,0,0,0,0,0,0,0,0,0,0,0,0,0,0,0,0,0,0,0,29.2,0,0,0,0,0,0,0,0,0,0,0,0,0,0,0,0,0,0,0,0,0,0,0,0,0,0,0,0,0,0,0,0,0,0,0,0,0,0,0,0,0,0,0,0,0,0,0,0,0,0,0,0,0,0,0,0,0,0,75,0,0,0,0,0,0,0,0,0,0,0,4.2,0,0,0,0,0,0,0,0,0,0,0,0,0,0,0,0,0,0,0,0,0,0,0,0,0,33.3,0,0,0,0,0,0,0,0,0,0,0,0,0,0,0,0,0,0,0,0,0,0,0,0,0,0,0,0,0,0,0,0,0,0,0,0,0,0,0,0,0,0,0,0,0,0,0,0,0,0,0,0,0,0,0,0,0,0,0,0,0,0,0,0
"Goni2011","Goni2011_26",2006,"Mediterranean","Mediterranean","Westerlies - Mediterranean Sea, Black Sea Province","MEDI","temperate","juvenile",0,0,0,0,0,0,0,0,0,4.2,0,0,0,0,0,0,0,0,0,0,0,0,0,0,0,0,0,0,0,0,0,0,12.5,0,0,0,0,0,0,0,0,0,0,0,0,0,0,0,0,0,0,0,0,0,0,0,0,0,0,0,0,0,0,0,0,0,0,0,0,0,0,0,0,0,0,0,0,0,0,0,0,0,0,0,0,0,0,0,0,0,0,0,0,0,0,0,0,0,0,0,0,0,0,0,0,0,0,0,0,0,0,0,0,0,0,0,0,0,0,0,0,0,0,0,0,0,0,0,0,79,0,0,0,0,0,0,0,0,0,0,0,0,0,0,0,0,0,0,0,0,0,0,0,0,0,0,0,0,0,0,0,0,0,0,0,0,0,33.3,0,0,0,0,0,0,0,0,0,0,0,0,0,0,0,0,0,0,0,0,0,0,0,0,0,0,0,0,0,0,0,0,0,0,0,0,0,0,0,0,0,0,0,0,0,0,0,0,0,0,0,0,0,0,0,0,0,0,0,0,0,0,0,0
"Goni2011","Goni2011_27",2008,"Mediterranean","Mediterranean","Westerlies - Mediterranean Sea, Black Sea Province","MEDI","temperate","juvenile",0,0,0,0,0,0,0,0,0,3.4,0,0,0,0,0,0,0,0,0,0,0,0,0,0,0,0,0,0,0,0,0,0,6.9,0,0,0,0,0,0,0,0,0,0,0,0,0,0,0,0,0,0,0,0,0,0,0,0,0,0,0,0,0,0,0,0,0,0,0,0,0,0,0,0,0,0,0,0,0,0,0,0,0,0,0,0,0,0,0,0,0,0,0,0,0,0,0,0,0,0,0,0,10.3,0,0,0,0,0,0,0,0,0,0,0,0,0,0,0,0,0,0,0,0,0,0,0,0,0,0,0,3.4,0,0,0,0,0,0,0,0,0,0,0,0,0,0,0,0,0,0,0,0,0,0,0,0,0,0,0,0,0,0,0,0,0,0,0,0,0,27.6,0,0,0,0,0,0,0,0,0,0,0,0,0,0,0,0,0,0,0,0,0,0,0,0,0,0,0,0,0,0,0,0,0,0,0,0,0,0,0,0,0,0,0,0,0,0,0,0,0,0,0,0,0,0,0,0,0,0,0,0,0,0,0,0
"Goni2011","Goni2011_28",2005,"N Atlantic","NE Atlantic","Westerlies - N. Atlantic Drift Province (WWDR)","NADR","temperate","mixed",0,0,0,0,0,0,0,0,0,0,0,0,0,0,0,0,0,0,0,0,0,0,0,0,0,8.7,0,0,0,0,0,0,0,0,0,0,0,0,0,0,0,0,0,0,0,0,0,0,0,0,0,0,0,0,0,0,0,0,0,0,0,0,0,0,0,0,0,0,0,0,0,0,0,21.7,0,0,0,0,0,0,0,0,0,0,0,0,0,0,0,0,0,0,0,0,0,0,0,0,0,0,0,0,0,0,0,0,0,0,0,0,0,0,0,0,0,0,0,0,0,0,0,0,0,0,0,0,0,0,0,50,0,0,0,0,0,0,0,0,0,0,0,4.3,0,0,0,0,0,0,0,0,0,0,0,0,0,0,0,0,0,0,0,0,0,0,0,0,0,0,0,0,0,0,0,0,0,0,0,0,0,0,0,0,0,0,0,0,0,0,0,0,26.1,0,0,0,0,0,0,0,0,0,0,0,0,0,0,0,0,0,0,0,0,0,0,0,0,0,0,54.3,0,0,0,0,0,0,0,0,0,0,0,0,0,0
"Goni2011","Goni2011_29",2004,"N Atlantic","NE Atlantic","Westerlies - N. Atlantic Drift Province (WWDR)","NADR","temperate","mixed",0,0,0,0,0,0,0,0,0,0,0,0,0,0,0,0,0,0,0,0,0,0,0,0,0,0,0,0,0,0,0,0,0,0,0,0,0,0,0,0,0,0,0,0,0,0,0,0,0,0,0,0,0,0,0,0,0,0,0,0,0,0,0,0,0,0,0,0,0,0,0,0,0,0,0,0,0,0,0,0,0,0,0,0,0,0,0,0,0,0,0,0,0,0,0,0,0,0,0,0,0,0,0,0,0,0,0,0,0,0,0,0,0,0,0,0,0,0,0,0,0,0,0,0,0,0,0,0,0,73.7,0,0,0,5.3,0,0,0,0,0,0,0,0,0,0,0,15.8,0,0,0,0,0,0,0,0,0,0,0,0,0,0,0,0,0,0,0,0,0,0,0,0,0,0,0,0,0,0,0,0,0,0,0,0,0,0,0,0,0,0,0,0,26.3,0,0,0,0,0,0,0,0,0,0,0,0,0,0,0,0,0,0,0,0,0,0,0,0,0,0,10.5,0,0,0,0,0,0,0,0,0,0,0,0,0,0
"Goni2011","Goni2011_30",2005,"N Atlantic","NE Atlantic","Westerlies - N. Atlantic Drift Province (WWDR)","NADR","temperate","mixed",0,0,0,0,0,0,0,0,0,0,0,0,0,0,0,0,0,0,0,0,0,0,0,0,0,7.1,0,0,0,0,0,0,0,0,0,0,0,0,0,0,0,0,0,0,0,0,0,0,0,0,0,0,0,0,0,0,0,0,0,0,0,0,0,0,0,0,0,0,0,0,0,0,0,0,0,0,0,0,0,0,0,0,0,0,0,0,0,0,0,0,0,0,0,0,0,0,0,0,0,0,0,0,0,0,0,0,0,0,0,0,0,0,0,0,0,0,0,0,0,0,0,0,0,0,0,0,0,0,0,14.3,0,0,0,28.6,0,0,0,0,0,0,0,0,0,0,0,0,0,0,0,0,0,0,0,0,0,0,0,0,0,0,0,0,0,0,0,0,0,0,0,0,0,0,0,0,0,0,0,0,0,0,0,0,0,0,0,0,0,0,0,0,35.7,0,0,7.1,0,0,0,0,0,0,0,0,0,0,0,0,0,0,0,0,0,0,0,0,0,0,0,21.4,0,0,0,0,0,0,0,0,0,0,0,0,0,0
"Goni2011","Goni2011_31",2006,"N Atlantic","NE Atlantic","Westerlies - N. Atlantic Drift Province (WWDR)","NADR","temperate","mixed",0,0,0,0,0,0,0,0,0,0,0,0,0,0,0,0,0,0,0,0,0,0,0,0,0,2.6,0,0,0,0,0,0,0,0,0,0,0,0,0,0,0,0,0,0,0,0,0,0,0,0,0,0,0,0,0,0,0,0,0,0,0,0,0,0,0,0,0,0,0,0,0,0,0,41,0,0,0,0,0,0,0,0,0,0,0,0,0,0,0,0,0,0,0,0,0,0,0,0,0,0,0,0,0,0,0,0,0,0,0,0,0,0,0,0,0,0,0,0,0,0,0,0,0,0,0,0,0,0,0,15.4,0,0,0,28.2,0,0,0,0,0,0,0,0,0,0,0,0,0,0,0,0,0,0,0,0,0,0,0,0,0,0,0,0,0,0,0,0,0,0,0,0,0,0,0,0,0,0,0,0,0,0,0,0,0,0,0,0,0,0,0,0,20.5,0,0,0,0,0,0,0,0,0,0,0,0,0,0,0,0,0,0,0,0,0,0,0,0,0,0,2.6,0,0,0,0,0,0,0,0,0,0,0,0,0,0
"Goni2011","Goni2011_32",2005,"N Atlantic","NE Atlantic","Westerlies - N. Atlantic Drift Province (WWDR)","NADR","temperate","mixed",0,0,0,0,0,0,0,0,0,0,0,0,0,0,0,0,0,0,0,0,0,0,0,0,0,3.4,10.3,0,0,0,0,0,0,0,0,0,0,0,0,0,0,0,0,0,0,0,0,0,0,0,0,0,0,0,0,0,0,0,0,0,0,0,0,0,0,0,0,0,0,0,0,0,0,3.4,0,0,0,0,0,0,0,0,0,0,0,0,0,0,0,0,0,0,0,0,0,0,0,0,0,0,0,0,0,0,0,0,0,0,0,0,0,0,0,0,0,0,0,0,0,0,0,0,0,0,0,0,0,0,0,65.5,0,0,0,10.3,0,0,0,0,0,0,0,0,0,0,0,6.9,0,0,0,0,0,0,0,0,0,0,0,0,0,0,0,0,0,0,0,0,0,0,0,0,0,0,0,0,0,0,0,0,0,0,0,0,0,0,0,0,0,0,0,0,0,0,0,6.9,0,0,0,0,0,0,0,0,0,0,0,0,0,0,0,0,0,0,0,0,0,0,0,10.3,0,0,0,0,0,0,0,0,0,0,0,0,0,0
"Goni2011","Goni2011_33",2006,"N Atlantic","NE Atlantic","Westerlies - N. Atlantic Drift Province (WWDR)","NADR","temperate","mixed",0,0,0,0,0,0,0,0,0,0,0,0,0,0,0,0,3.4,0,0,0,0,0,0,0,0,0,3.4,0,0,0,0,0,0,0,0,0,0,0,0,0,0,0,0,0,0,0,0,0,0,0,0,0,0,0,0,0,0,0,0,0,0,0,0,0,0,0,0,0,0,0,0,0,0,0,0,0,0,0,0,0,0,0,0,0,0,0,0,3.4,0,0,0,0,0,0,0,0,0,0,0,0,0,0,0,0,0,0,0,0,0,0,0,0,0,0,0,0,0,0,0,0,0,0,0,0,0,0,0,0,0,89.7,0,0,0,3.4,0,0,0,0,0,0,0,0,0,0,0,0,0,0,0,0,0,0,0,0,0,0,0,0,0,0,0,0,0,0,0,0,0,0,0,0,0,0,0,0,0,0,0,0,0,0,0,0,0,0,0,0,0,0,0,0,0,0,0,20.7,0,0,0,0,0,0,0,0,0,0,0,0,0,0,0,0,0,0,0,0,0,0,0,0,0,0,0,6.9,0,0,0,0,0,0,0,0,0,0
"Goni2011","Goni2011_34",2006,"N Atlantic","NE Atlantic","Westerlies - N. Atlantic Drift Province (WWDR)","NADR","temperate","mixed",0,0,0,0,0,0,0,0,0,0,0,0,0,0,0,0,0,0,0,0,0,0,0,0,0,0,0,0,0,0,0,0,0,0,0,0,0,0,0,0,0,0,0,0,0,0,0,0,0,0,0,0,0,0,0,0,0,0,0,0,0,0,0,0,0,0,0,0,0,0,0,0,0,0,0,0,0,0,0,0,0,0,0,0,0,0,0,0,0,0,0,0,0,0,0,0,0,0,0,0,0,0,0,0,0,0,0,0,0,0,0,0,0,0,0,0,0,0,0,0,0,0,0,0,0,0,0,0,0,70.6,0,0,0,35.3,0,0,0,0,0,0,0,0,0,0,0,0,0,0,0,0,0,0,0,0,0,0,0,0,0,0,0,0,0,0,0,0,0,0,0,0,0,0,0,0,0,0,0,0,0,0,0,0,0,0,0,0,0,0,0,0,17.6,0,0,0,0,0,0,0,0,0,0,0,0,0,0,0,0,0,0,0,0,0,0,0,0,0,0,0,0,0,0,0,0,0,0,0,0,0,0,0,0,0
"Goni2011","Goni2011_35",2005,"N Atlantic","NE Atlantic","Coastal - Canary Coastal Province (EACB)","CNRY","temperate","mixed",0,0,0,0,0,0,0,0,0,0,0,0,0,0,0,0,0,0,0,0,0,0,0,0,0,0,0,0,0,0,0,0,0,0,0,0,0,0,0,0,0,0,0,0,0,0,0,0,0,0,0,0,0,0,0,0,0,0,0,0,0,0,0,0,0,0,0,0,0,0,21.8,0,0,0,0,0,0,0,0,0,0,0,0,0,0,0,0,0,0,0,0,0,0,0,0,0,0,0,0,0,0,0,0,0,0,0,0,0,0,0,0,0,0,0,0,0,0,0,0,0,0,0,0,0,0,0,0,0,0,35.6,0,0,0,24.5,0,0,0,0,0,0,0,0,0,0,0,0,0,0,0,0,0,0,0,0,0,0,0,0,0,0,0,0,0,0,0,0,0,0,0,0,0,0,1.1,0,0,0,0,0,0,0,0,0,0,0,0,0,0,0,0,1.1,0,0,0,6.4,0,0,0,0,0,0,0,0,0,0,0,0,0,0,0,0,0,0,0,0,0,0,0,0,0,0,0,0,0,0,0,0,8.5,0,0,0,0,0
"Goni2011","Goni2011_36",2006,"N Atlantic","NE Atlantic","Coastal - Canary Coastal Province (EACB)","CNRY","temperate","mixed",0,0,0,0,0,0,0,0,0,0,0,0,0,0,0,0,0,0,0,0,0,0,0,0,0,0,0,0,0,0,0,0,0,0,0,0,0,0,0,0,0,0,0,0,0,0,0,0,0,0,0,0,0,0,0,0,0,0,0,0,0,0,0,0,0,0,0,0,0,0,12.1,0,0,0,0,0,0,0,0,0,0,0,0,0,0,0,0,0,0,0,0,0,0,0,0,0,0,0,0,0,0,0,0,0,0,0,0,0,0,0,0,0,0,0,0,0,0,0,0,0,0,0,0,0,0,0,0,0,0,25.9,0,0,0,72.4,0,0,0,0,0,0,0,0,0,0,0,0,0,0,0,0,0,0,0,0,0,0,0,0,0,0,0,0,0,0,0,0,0,0,0,0,0,0,0,0,0,0,0,0,0,0,0,0,0,0,0,3.4,0,0,0,0,1.7,0,0,6.9,0,0,0,0,0,0,0,0,0,0,0,0,0,0,0,0,0,0,0,0,0,0,0,0,0,0,0,1.7,0,0,0,0,0,0,0,0,0,0
"Goni2011","Goni2011_37",2007,"N Atlantic","NE Atlantic","Coastal - Canary Coastal Province (EACB)","CNRY","temperate","mixed",0,0,0,0,0,0,0,0,0,0,0,0,0,0,0,0,0,0,0,0,0,0,0,0,0,6.3,0,0,0,0,0,0,0,0,0,0,0,0,0,0,0,0,0,0,0,0,0,0,0,0,0,0,0,0,0,0,0,0,0,0,0,0,0,0,0,0,0,0,0,0,12.5,0,0,0,0,0,0,0,0,0,0,0,0,0,0,0,0,0,0,0,0,0,0,0,0,0,0,0,0,0,0,0,0,0,0,0,0,0,0,0,0,0,0,0,0,0,0,0,0,0,0,0,0,0,0,0,0,0,0,56.3,0,0,0,62.5,0,0,0,0,0,0,0,0,0,0,0,0,0,0,0,0,0,0,0,0,0,0,0,0,0,0,0,0,0,0,0,0,0,0,0,0,0,0,0,0,0,0,0,0,0,0,0,0,0,0,0,0,0,0,0,0,6.3,0,0,6.3,0,0,0,0,0,0,0,0,0,0,0,0,0,0,0,0,0,0,0,0,0,0,0,0,0,0,0,0,0,0,0,0,0,0,0,0,0,0
"Hart1948","Hart1948_38",1947,"N Pacific","NE Pacific","Coastal - California Upwelling Coastal Province","CCAL","temperate","mixed",0,0,0,0,0,0,0,0,25,0,0,0,25,0,0,0,0,0,0,0,0,0,0,0,0,0,0,0,0,0,0,0,0,0,0,0,0,0,0,0,0,0,0,0,0,0,0,0,0,0,25,0,0,0,0,0,0,0,0,0,0,0,0,0,0,0,0,0,0,0,0,0,0,0,0,0,0,0,0,0,0,0,0,0,0,0,0,0,0,0,0,0,0,0,0,0,0,0,0,0,0,0,0,0,0,0,0,0,0,0,0,0,0,0,0,0,0,0,0,0,0,0,0,0,0,0,0,0,0,0,0,0,25,0,0,0,0,0,0,0,0,0,0,0,0,0,0,0,0,0,0,0,0,0,0,0,0,0,0,0,0,0,0,0,0,0,0,0,0,0,0,25,0,0,0,0,0,0,0,0,0,0,0,0,0,0,0,0,0,0,0,0,0,0,0,0,0,0,0,0,0,0,0,0,0,0,0,0,0,0,0,0,0,0,0,0,25,0,0,0,0,0,0,0,0,0,0,0,0,0,0,0
"Hart1948","Hart1948_40",1946,"N Pacific","NE Pacific","Coastal - California Upwelling Coastal Province","CCAL","temperate","mixed",0,0,0,0,0,0,0,0,33.33333333,0,0,0,33.33333333,0,0,0,0,0,0,0,0,0,0,0,0,0,0,0,0,0,0,0,0,0,0,0,0,0,0,0,0,0,0,0,0,0,0,0,0,0,33.33333333,0,0,0,0,0,0,0,0,0,0,0,0,0,0,0,0,0,0,0,0,0,0,0,0,0,0,0,0,0,0,0,0,0,0,0,0,0,0,0,0,0,0,0,0,0,0,0,0,0,0,0,0,0,0,0,0,0,0,0,0,0,0,0,0,0,0,0,0,0,0,0,0,0,0,0,0,0,0,0,0,0,33.33333333,0,0,0,0,0,0,0,0,0,0,0,0,0,0,0,0,0,0,0,0,0,0,0,0,0,0,0,0,0,0,0,0,0,0,0,0,0,0,33.33333333,0,0,0,0,0,0,0,0,0,0,0,0,0,0,0,0,0,0,0,0,0,0,0,0,0,0,0,0,0,0,0,0,0,0,0,0,0,0,0,0,0,0,0,0,33.33333333,0,0,0,0,0,0,0,0,0,0,0,0,0,0,0
"Hart1948","Hart1948_42",1945,"N Pacific","NE Pacific","Coastal - California Upwelling Coastal Province","CCAL","temperate","mixed",0,0,0,0,0,0,0,0,2.222222222,0,0,0,2.222222222,0,0,0,0,0,0,0,0,0,0,0,0,0,0,0,0,0,0,0,0,0,0,0,0,0,0,0,0,0,0,0,0,0,0,0,0,0,2.222222222,0,0,0,0,0,0,0,0,0,0,0,0,0,0,0,0,0,0,0,0,0,0,0,0,0,0,0,0,0,0,0,0,0,0,0,0,0,0,0,0,0,0,0,0,0,0,0,0,0,0,0,0,0,0,0,0,0,0,0,0,0,0,0,0,0,0,0,0,0,0,0,0,0,0,0,0,0,0,0,0,0,2.222222222,0,0,0,0,0,0,0,0,0,0,0,0,0,0,0,0,0,0,0,0,0,0,0,0,0,0,0,0,0,0,0,0,0,0,0,0,0,0,2.222222222,0,0,0,0,0,0,0,0,0,0,0,0,0,0,0,0,0,0,0,0,0,0,0,0,0,0,0,0,0,0,0,0,0,0,0,0,0,0,0,0,0,0,0,0,2.222222222,0,0,0,0,0,0,0,0,0,0,0,0,0,0,0
"Hart1948","Hart1948_44",1947,"N Pacific","NE Pacific","Coastal - California Upwelling Coastal Province","CCAL","temperate","mixed",0,0,0,0,0,0,0,0,1.19047619,0,0,0,1.19047619,0,0,0,0,0,0,0,0,0,0,0,0,0,0,0,0,0,0,0,0,0,0,0,0,0,0,0,0,0,0,0,0,0,0,0,0,0,1.19047619,0,0,0,0,0,0,0,0,0,0,0,0,0,0,0,0,0,0,0,0,0,0,0,0,0,0,0,0,0,0,0,0,0,0,0,0,0,0,0,0,0,0,0,0,0,0,0,0,0,0,0,0,0,0,0,0,0,0,0,0,0,0,0,0,0,0,0,0,0,0,0,0,0,0,0,0,0,0,0,0,0,1.19047619,0,0,0,0,0,0,0,0,0,0,0,0,0,0,0,0,0,0,0,0,0,0,0,0,0,0,0,0,0,0,0,0,0,0,0,0,0,0,1.19047619,0,0,0,0,0,0,0,0,0,0,0,0,0,0,0,0,0,0,0,0,0,0,0,0,0,0,0,0,0,0,0,0,0,0,0,0,0,0,0,0,0,0,0,0,1.19047619,0,0,0,0,0,0,0,0,0,0,0,0,0,0,0
"Iversen1962","Iversen1962_45",1957,"N Pacific","NE Pacific","Trades - N. Pacific Tropical Gyre Province","NPTG","tropical","juvenile",0,0,0,0,0,0,0,0,0,0,0,0,0,0,0,0,0,0,0,0,0,0,0,0,0,0,0,0,0,0,0,0,0,2.6,0,0,0,0,0,0,0,0,0,0,0,0,0,0,0,0,10.9,0,0,0,0,0,0,0,0,0,0,0,0,0,0,0,0,0,0,0,0,0,0,0,0,0,0,0,0,0,0,0,5.2,0,0,0,0,0,0,0,0,0,0,0,0,0,0,0,0,0,0,0,0,0,0,0,0,0,0,0,0,0,0,0,0,0,0,0,0,0,0,0,0,0,0,0,0,0,0,0,0,0,0,0,0,0,0,0,0,0,0,0,0,0,0,0,0,0,0,0,0,0,0,0,0,0,0,0,0,0,0,0,0,0,0,0,0,0,0,0,0,0,0,0,0,0,0,0,0,0,0,0,0,0,0,0,0,0,0,0,0,0,0,0,0,0,0,0,0,0,0,0,0,0,0,0,0,0,0,0,0,0,0,0,0,0,0,0,0,0,0,0,0,0,0,0,0,0,0,0,0,0
"Jordan1880","Jordan1880_46",1880,"N Pacific","NE Pacific","Coastal - California Upwelling Coastal Province","CCAL","temperate","mixed",0,0,0,0,0,0,0,0,0,0,0,0,0,0,0,0,0,0,0,0,0,0,0,0,0,0,0,0,0,0,0,0,0,0,0,0,0,0,0,0,0,0,0,0,0,0,0,0,0,0,0,0,0,0,0,0,0,0,0,0,0,0,0,0,0,0,0,0,0,0,0,0,0,0,0,0,0,0,0,0,0,0,0,0,0,0,0,0,0,0,0,0,0,0,0,0,0,0,0,0,0,0,0,0,0,0,0,0,0,0,0,0,0,0,0,0,0,0,0,0,0,0,0,0,0,0,0,0,0,0,0,100,0,0,0,0,0,0,0,0,0,0,0,0,0,0,0,0,0,0,0,0,0,0,0,0,0,0,0,0,0,0,0,0,0,0,0,0,0,0,0,0,0,0,0,0,0,0,0,0,0,0,0,0,0,0,0,0,0,0,0,0,0,0,0,0,0,0,0,0,0,0,0,0,0,0,0,0,0,0,0,0,0,100,0,0,0,0,0,0,0,0,0,0,0,0,0,0,0,0,0,0
"Madigan2015","Madigan2015_48",2010,"N Pacific","NE Pacific","Coastal - California Upwelling Coastal Province","CCAL","temperate","juvenile",0,1.16279069767442,12.7906976744186,0,0,0,0,0,0,0,0,0,0,0,0,0,0,9.30232558139535,0,0,0,0,0,0,0,0,0,0,0,0,0,0,0,0,0,0,0,0,0,0,0,0,0,0,0,0,0,0,0,0,5.81395348837209,0,0,0,0,0,0,0,0,0,0,0,0,0,0,3.48837209302326,1.16279069767442,0,0,0,0,0,2.32558139534884,0,0,0,0,0,0,0,0,0,0,0,0,0,0,0,0,0,0,0,0,0,0,0,0,0,0,0,0,0,0,0,0,0,0,0,0,0,0,0,0,0,0,0,0,0,0,0,0,0,0,0,0,0,0,0,1.16279069767442,0,0,0,0,0,0,0,0,0,0,0,0,0,0,0,0,0,0,0,8.13953488372093,11.6279069767442,0,1.16279069767442,0,0,0,0,4.65116279069767,0,0,0,0,0,0,0,0,0,0,0,0,0,1.16279069767442,0,0,0,0,0,0,0,0,0,0,0,0,0,0,0,29.0697674418605,0,2.32558139534884,0,0,0,0,0,0,0,0,0,0,0,0,0,0,0,0,0,0,0,0,0,0,0,0,0,0,0,0,0,0,0,0,0,0,0,0,40.6976744186046,0,0,0,6.97674418604651,0,0
"Matthews1977","Matthews1977_49",1964,"N Atlantic","NW Atlantic","Westerlies - N. Atlantic Subtropical Gyral Province (West) (STGW)","NASW","temperate","adult",0,0,0,0,0,0,0,0,0,0,0,0,0,0,0,3,0,0,0,0,0,0,0,0,0,0,0,0,0,0,0,0,0,3,0,0,0,0,0,0,0,0,0,0,0,0,0,0,0,0,0,0,0,0,0,0,0,0,0,0,0,0,0,8,0,0,0,0,0,0,0,0,0,0,0,0,0,0,0,0,0,0,0,0,0,0,0,0,0,0,0,0,0,0,0,0,0,0,0,0,0,0,0,0,0,0,0,0,0,0,0,0,0,0,0,0,0,0,0,0,0,0,0,0,0,0,0,0,0,0,0,0,0,0,0,0,0,0,0,0,3,0,0,0,3,0,0,0,0,0,0,0,0,0,5,0,0,0,0,0,0,0,0,0,0,0,3,65,0,0,0,0,0,0,0,3,0,0,0,0,0,0,0,0,0,0,0,0,3,0,0,0,0,0,0,0,0,0,3,0,0,0,0,3,0,0,0,0,0,0,0,0,0,0,0,0,0,0,0,0,0,0,0,0,0,0,0,0,0,0,0,0
"McHugh1952","McHugh1952_50",1949,"N Pacific","NE Pacific","Coastal - California Upwelling Coastal Province","CCAL","temperate","mixed",0,0,0,0,0,0,0,0,0,0,0,0,0,0,0,0,0,0,0,0,0,0,0,0,0,0,0,0,0,0,0,0,0,0,0,0,0,0,0,0,0,0,0,0,0,0,0,0,0,0,54.35,0,0,0,0,0,0,0,0,0,0,0,0,0,0,0,0,0,0,0,0,0,12.75,0,0,0,0,0,0,0,0,0,0,0,0,0,0,0,0,0,0,0,0,0,0,0,0,0,0,0,0,0,0,0,0,0,0,0,0,0,0,0,0,0,0,0,0,0,0,0,0,0,0,0,0,0,0,0,0,0,0,15.15,0,0,0,0,0,0,0,0,0,0,0,0,0,0,0,0,0,0,0,0,0,0,0,0,0,0,0,0,0,0,0,0,0,0,0,0,0,0,27.75,0,0,0,0,0,0,0,0,0,0,0,0,0,0,0,0,0,0,0,0,0,0,0,0,0,0,0,0,0,0,0,0,0,0,0,0,0,0,0,0,0,0,0,0,0,0,0,0,0,0,0,0,0,0,5.35,0,0,0,0,20.1,0
"OrtizZarate1987","OrtizZarate1987_52",1968,"N Atlantic","NE Atlantic","Coastal - NE Atlantic Shelves Province","NECS","temperate","juvenile",0,0,0,0,0,0,0,0,0,0,0,0,0,0,0,0,0,0,0,0,0,0,0,0,0,0,0,0,0,0,0,0,0,0,0,0,0,0,0,0,0,0,0,0,0,0,0,0,0,0,0,0,0,0,0,0,0,0,0,0,0,0,0,0,0,0,0,0,0,0,9,0,0,0,0,0,0,0,0,0,0,0,0,0,0,0,0,0,0,0,0,0,0,0,0,0,0,0,0,0,0,0,0,0,0,0,0,0,0,0,0,0,0,0,0,0,0,0,0,0,0,0,0,0,0,0,0,12,0,0,0,0,0,12,0,0,0,0,0,0,0,0,0,0,0,0,0,0,0,0,0,0,0,0,0,0,0,0,0,0,0,0,0,0,0,0,0,0,0,0,0,0,0,0,0,0,0,0,0,0,0,0,0,0,0,0,0,0,0,1,26,0,0,0,0,0,0,0,0,0,0,0,0,0,0,0,0,0,0,0,0,0,0,0,0,0,0,0,0,0,0,0,0,0,0,0,43,0,0,0,0,0
"Pinkas1971","Pinkas1971_53",1968,"N Pacific","NE Pacific","Coastal - California Upwelling Coastal Province","CCAL","temperate","juvenile",0,0,18.2,0,0,0,0,0,0,0,0,0,0,0,0,0,0,0,0,0,0,0,0,0,0,0,0,0,0,0,0,0,0,0,0,0,0,0,0,0,0,0,0,0,0,0,0,0,0,0,16.4,0,0,0,0,0,0,0,0,0,0,2.9,0,0,0,7.6,0,0,0,0,0,0,8.4,0,0,38.9,0,0,0,0,0,0,0,0,0,0,0,11.6,0,0,0,0,0,0,0,0,0,0,0,0,0,0,0,0,0,0,0,0,0,0,0,0,0,0,0,0,0,0,0,0,0,0,0,0,6.5,22.5,0,0,0,0,0,0,9.5,0,0,0,0,1.8,0,0,0,0,0,0,0,0,0,0,32.7,13.1,0,5.1,0,0,0,0,58.5,0,0,0,0,0,0,0,0,0,0,0,0,0,0,0,0,0,0,0,0,0,0,0,0,0,0,0,0,0,0,0,0,0,0,0,0,0,0,0,0,0,0,0,0,0,7.6,0,0,0,0,0,0,0,0,0,0,16.7,0,0,0,0,0,0,0,0,0,0,0,0,0,0,0,0,0,0
"Pinkas1971","Pinkas1971_54",1968,"N Pacific","NE Pacific","Coastal - California Upwelling Coastal Province","CCAL","temperate","juvenile",0,0,10.6,0,0,0,0,0,0,0,0,0,0,0,0,0,0,0,0,0,0,0,0,0,0,0,0,8.6,0,0,0,0,0,0,0,0,0,0,0,0,0,0,0,0,0,0,0,0,0,0,12.6,0,0,0,0,0,0,0,0,0,0,0,0,0,0,7.3,0,0,0,0,0,0,26.5,0,0,1.3,0,45,0,0,0,0,0,0,0,0,0,15.2,0,0,0,0,0,0,0,0,0,0,0,0,0,0,0,0,0,0,0,0,0,0,0,0,0,0,0,0,0,0,0,0,0,0,0,0,1.3,2.6,0,0,0,0,0,0,0,0,0,0,0,0,0,0,0,0,0,0,0,0,0,0,6,0,0,17.2,0,0,0,0,15.2,0,0,0,0,0,0,0,0,0,0,0,0,0,0,0,0,0,2,0,0,0,0,0,0,0,0,0,0,0,0,0,0,0,0,0,0,0,0,0,0,0,0,0,0,0,0,0,0,0,0,0,0,0,0,0,0,15.2,0,0,0,0,0,0,0,0,0,0,0,0,0,0,0,0,0,0
"Pinkas1971","Pinkas1971_55",1969,"N Pacific","NE Pacific","Coastal - California Upwelling Coastal Province","CCAL","temperate","juvenile",0,0,0,0,0,0,0,0,0,0,0,0,0,0,0,0,0,0,0,0,0,0,0,0,0,0,0,38.5,0,0,0,0,0,0,0,0,0,0,0,0,0,0,7.7,0,0,0,0,0,0,0,15.4,0,0,0,0,0,0,0,0,0,0,0,0,0,0,0,0,0,0,0,0,0,15.4,0,0,0,0,23.1,0,0,0,0,0,0,0,0,0,15.4,0,0,0,0,0,0,0,0,0,0,0,0,0,0,0,0,0,0,0,0,0,0,0,0,0,0,0,0,0,0,0,0,0,0,0,0,0,0,0,0,0,0,0,0,0,0,0,0,0,0,0,0,0,0,0,0,0,0,0,0,0,0,0,7.7,0,0,0,0,7.7,0,0,0,0,0,0,0,0,0,0,0,0,0,0,0,0,0,0,0,0,0,0,0,0,0,0,0,0,0,0,0,0,0,0,0,0,0,0,0,0,0,0,0,0,0,0,0,0,0,0,0,0,0,0,0,0,7.7,0,0,0,0,0,0,0,0,0,0,0,0,0,0,0,0,0,0
"Pinkas1971","Pinkas1971_56",1968,"N Pacific","NE Pacific","Coastal - California Upwelling Coastal Province","CCAL","temperate","juvenile",0,0,13.9,0,0,0,0,0,0,0,0,0,0,0,0,0,0,0,0,0,0,0,0,0,0,0,0,0,0,0,0,0,0,0,0,0,0,0,0,0,0,0,0,0,0,0,0,0,0,0,42.8,0,0,0,0,0,0,0,0,0,0,0,0,0,0,13.4,0,0,0,0,0,0,0,0,0,0,0,0,0,0,0,0,0,0,0,0,0,1.5,0,0,0,0,0,0,1.5,0,0,0,0,0,0,0,0,0,0,0,0,0,0,0,0,0,0,0,0,0,0,0,0,0,0,0,0,0,0,0,0,0,0,0,0,0,1.5,0,0,0,0,0,0,0,0,0,0,0,0,0,0,0,12.4,15.9,0,1.5,0,0,0,0,27.4,6,0,0,0,0,0,0,0,0,0,0,0,0,10,0,0,0,0,0,0,0,0,0,0,0,0,0,0,0,0,0,3,0,0,0,0,0,0,0,0,0,0,0,0,0,0,0,0,0,0,0,0,0,0,0,0,0,0,0,0,0,0,0,0,0,0,0,0,0,0,0,0,0,0,0
"Pinkas1971","Pinkas1971_57",1969,"N Pacific","NE Pacific","Coastal - California Upwelling Coastal Province","CCAL","temperate","juvenile",0,0,36.4,0,0,0,0,0,0,0,0,0,0,0,0,0,0,0,0,0,0,0,0,0,0,0,0,0,0,0,0,0,0,0,0,0,0,0,0,0,0,0,0,0,0,0,0,0,0,0,45.5,0,0,0,0,0,0,0,0,0,0,1.1,0,0,0,10.2,0,0,0,0,0,0,23.5,0,0,19.8,0,0,0,0,0,0,0,0,0,0,0,23.5,0,0,0,0,0,0,0,0,0,0,0,0,0,0,0,0,0,0,0,0,0,0,0,0,0,0,0,0,0,0,0,0,0,0,0,0,3.7,4.8,0,0,0,0,5.9,0,3.2,0,0,0,0,0,0,0,0,0,0,0,0,0,0,0,17.6,2.8,0,8.6,0,0,0,0,44.9,5.3,0,0,0,0,0,0,0,0,0,0,0,0,1.6,0,0,0,2.7,0,0,0,0,0,0,0,0,0,0,0,0,0,0,0,0,0,2.7,0,0,0,0,0,0,0,0,0,1.6,0,0,0,0,0,0,0,0,0,0,4.3,0,0,0,0,0,0,0,0,0,0,0,0,0,0,0,0,0,0
"Pusineri2005","Pusineri2005_58",1993,"N Atlantic","NE Atlantic","Westerlies - N. Atlantic Drift Province (WWDR)","NADR","temperate","juvenile",0,0,0,0,0,0,0,0,0,0,0,12,0,0,0,0,52,0,0,0,0,0,0,0,0,0,2,0,0,0,0,0,0,0,0,0,0,0,0,0,0,0,0,0,0,0,0,0,0,0,0,0,0,0,0,0,0,0,0,0,0,0,0,0,0,0,0,0,0,0,0,0,0,0,0,0,0,0,0,0,0,0,0,0,0,0,0,20,0,0,0,0,0,0,0,0,0,0,0,0,0,0,0,0,0,0,0,0,0,0,0,0,0,0,0,0,0,0,0,0,0,0,4,0,0,0,0,46,0,4,0,0,0,0,0,0,0,0,0,0,0,0,0,0,0,0,0,0,0,0,0,0,0,0,0,0,0,0,0,0,0,0,0,0,0,0,0,0,0,0,0,0,0,0,0,0,0,0,0,0,0,0,0,0,0,0,0,0,0,0,48,0,0,0,0,0,0,0,0,0,0,0,0,0,0,0,0,0,0,0,0,0,0,0,0,4,0,18,0,0,0,0,0,0,0,0,0,0,0,0,0,0
"Romanov2020","Romanov2020_59",2015,"Indian","NW Indian","Trades - Indian Monsoon Gyres Province","MONS","tropical","adult",0,0,0,0,0,0,0,0,0,0,0,0,0,0,0,0,0,1.3,0,0,0,0,0,0,0,0,0,0,0,0,0,0,0,0,0,0,0,0,0,0,0,0,0,0,0,0,0,0,0,0,0,0,0,70.7,0,0,0,0,0,0,0,0,0,0,0,0,0,0,0,0,0,0,0,0,0,0,0,0,0,1.3,0,0,0,0,0,0,0,0,0,0,0,0,0,0,0,0,0,0,0,0,0,0,0,0,0,0,0,0,0,0,0,0,0,0,0,0,0,0,0,0,0,4,0,0,0,0,0,0,0,0,0,0,0,0,0,0,0,0,0,2,0,0,1.3,0,0,0,0,0,0,0,0,0,2.7,0,0,0,0,0,0,0,4,0,0,0,0,0,0,0,0,0,0,0,0,0,0,0,0,0,0,0,0,0,0,0,0,0,0,0,0,0,0,0,0,0,0,0,0,0,0,0,0,0,0,0,8,0,0,0,0,0,0,0,3.3,0,0,0,0,0,0,0,0,0,0,0,0,0,0,0,0,0,0,0
"Romanov2020","Romanov2020_60",2014,"Indian","SW Indian","Trades - Indian S. Subtropical Gyre Province","ISSG","tropical","adult",0,0,0,4.9,0,2.7,0,0,0,0,1.6,0,0,0,0,0,0,3.3,0,0,0,0,0,1.1,0,0,0,0,1.6,0,0,0,0,0,0,0,0,0,0,0,0,0,0,0,0,6,0,0,0,0,0,1.1,0,0,1.1,1.1,0,0,4.3,0,4.9,0,0,0,11.4,0,0,0,0,0,0,0,0,0,4.9,0,0,0,0,1.6,0,0,1.6,0,0,0,0,0,0,0,0,0,0,0,0,0,0,0,0,0,0,0,2.2,0,4.3,0,0,0,0,0,0,0,0,0,0,1.6,0,16.3,0,0,0,6,0,0,8.2,0,0,0,0,0,0,0,0,0,0,2.2,0,0,13.6,0,0,0,6,0,0,0,0,0,0,0,0,0,15.8,1.6,4.3,11.4,0,0,1.6,0,1.6,1.1,0,0,0,0,0,1.6,6,0,0,0,0,0,0,0,0,1.1,0,0,0,2.2,2.2,0,2.2,0,0,0,0,0,0,6,0,0,0,0,0,0,0,0,0,0,0,0,17.9,2.2,1.6,0,0,0,0,0,0,0,0,0,0,0,2.7,0,0,0,0,0,0,0,0,1.1,0,0,0,26.6
"Romanov2020","Romanov2020_61",2014,"Indian","SW Indian","Coastal - E. Africa Coastal Province","EAFR","tropical","adult",0,0,0,4.8,0,0,0,0,0,0,1.6,0,0,0,0,0,0,1.6,0,0,0,0,0,0,0,0,0,0,0,0,0,0,1.6,0,0,0,1.6,0,0,0,0,0,0,0,0,9.5,0,0,0,0,0,0,0,0,1.6,0,0,1.6,7.9,0,7.9,0,0,0,1.6,0,0,0,0,0,0,0,0,0,3.2,0,0,0,0,0,0,0,0,0,0,0,0,0,0,0,0,3.2,0,0,0,0,0,0,0,0,0,0,0,0,4.8,0,1.6,0,0,0,0,0,1.6,0,0,0,0,7.9,0,0,0,7.9,0,0,6.3,0,0,0,0,0,0,0,0,0,0,0,0,0,3.2,0,0,0,9.5,0,0,0,0,0,0,0,0,0,27,1.6,0,3.2,0,0,3.2,0,9.5,1.6,0,0,0,0,0,4.8,1.6,0,0,0,0,0,0,0,0,0,0,0,0,0,0,0,0,0,0,0,0,0,0,1.6,0,0,0,0,0,0,0,0,0,0,0,0,11.1,0,0,0,0,0,0,0,1.6,0,0,0,0,0,0,1.6,0,0,0,0,0,0,0,3.2,0,0,0,14.3
"Romanov2020","Romanov2020_62",2014,"S Atlantic","SE Atlantic","Coastal - E. Africa Coastal Province","EAFR","temperate","adult",0,0,0,0,0,0,0,0,0,0,1,0,0,0,0,0,0,2.8,0,0,0,0,0,0,0,0,0,0,0,0,0,0,14.5,0,2.1,0,0,0,0,0,0,0,0,0,0,0,0,0,0,0,0,0,0,0,0,0,0,2.1,0,0,0,0,0,0,0,0,0,0,0,10,0,0,0,0,0,0,0,0,0,0,0,0,0,0,0,0,0,0,0,0,0,0,0,0,0,0,0,0,0,0,0,0,0,0,0,0,0,23.4,0,0,0,0,0,0,0,0,0,1,0,2.8,32.8,2.8,0,0,0,0,0,37.2,0,0,0,0,0,0,0,0,0,0,3.4,0,0,0,0,0,0,0,0,1,0,0,0,2.1,0,0,0,1.7,0,0,0,0,20.7,0,0,0,0,0,0,27.2,1.4,0,0,0,0,0,0,0,0,0,0,0,0,0,0,0,4.8,0,0,0,0,0,0,0,0,0,0,0,0,0,0,0,0,0,0,0,0,0,0,0,0,9,0,0,1.4,0,0,0,0,0,0,0,0,0,0,0,0,0,0,0,0,0,0,2.1
"Romeo2012","Romeo2012_63",2008,"Mediterranean","Mediterranean","Westerlies - Mediterranean Sea, Black Sea Province","MEDI","temperate","juvenile",0,0,0,0,0,0,1,0,0,0,7,33,0,0,0,0,0,10,0,0,0,0,0,0,0,0,0,0,0,0,0,0,0,0,0,0,0,0,0,0,0,0,0,0,0,0,0,0,0,0,0,0,0,0,0,0,0,0,0,0,0,0,0,0,0,0,0,0,1,0,0,0,0,0,0,0,0,0,0,0,0,0,0,0,0,0,0,0,0,0,0,0,66,0,0,1,0,0,0,0,0,4,0,0,0,0,0,0,0,0,0,0,0,0,0,0,0,0,0,0,0,0,0,0,0,0,0,0,0,0,0,0,0,0,0,0,0,0,0,0,0,0,0,0,0,0,0,0,0,0,0,4,0,0,0,57,0,0,0,0,0,0,0,0,0,0,0,0,0,0,0,0,0,0,0,0,24,0,0,0,0,0,0,0,0,0,0,5,0,0,0,0,0,0,0,0,0,0,0,0,0,0,0,0,0,0,0,0,0,0,0,0,0,0,0,0,0,0,0,0,0,46,0,0,0,0,0,0,0,0,0,0
"Salman&Karakulak2009","Salman&Karakulak2009_64",2007,"Mediterranean","Mediterranean","Westerlies - Mediterranean Sea, Black Sea Province","MEDI","temperate","juvenile",0,0,0,0,0,0,0,0,0,0,0,4.91,0,0,0,0,0,13.11,0,0,0,0,0,0,0,0,0,0,0,0,0,0,0,0,0,0,0,0,0,0,0,0,0,0,0,0,36.06,0,0,0,0,0,0,0,0,0,0,0,0,0,0,0,0,0,0,0,0,0,1.63,0,0,0,0,0,0,0,0,0,0,0,0,0,0,0,0,0,0,0,0,0,0,0,49.1,0,0,1.63,0,0,0,0,0,0,0,0,0,0,0,0,0,0,0,0,0,0,0,0,0,0,0,0,0,0,0,0,0,0,0,0,0,0,0,0,0,0,0,0,0,0,0,0,0,0,0,0,0,0,0,0,11.47,0,0,0,0,4.91,0,50.81,0,0,0,0,0,0,0,0,0,0,0,0,0,0,0,0,0,0,0,0,0,0,1.63,0,1.63,0,0,0,0,0,0,1.63,0,0,0,0,0,0,0,0,0,0,0,0,0,0,0,0,0,0,0,0,0,0,0,0,0,0,0,0,0,0,0,0,0,27.8,0,0,0,0,0,0,21.31,0,0,0
"Watanabe-etal2004","Watanabe-etal2004_65",2001,"N Pacific","NW Pacific","Westerlies - N. Pacific Polar Front Province","NPPF","temperate","juvenile",0,0,0,0,0,0,0,0,0,0,0,0,0,0,0,0,0,0,0,0,0,0,0,0,0,0,0,0,0,0,0,0,0,0,0,0,0,0,0,0,0,0,0,5.6,0,0,0,0,0,0,0,0,0,0,0,0,0,0,0,0,0,5.6,0,0,0,0,0,0,0,0,0,27.8,0,0,0,0,0,0,0,0,0,0,0,0,5.6,0,0,0,0,0,0,0,0,0,0,0,0,0,0,0,0,0,0,0,0,0,0,0,0,0,0,0,0,0,0,0,0,0,0,0,0,0,0,0,0,0,0,0,0,0,0,0,0,0,0,0,0,0,0,0,0,0,0,0,0,0,0,0,0,0,0,0,0,0,0,0,11.1,0,0,0,0,0,0,0,0,0,0,0,0,0,0,0,0,0,0,0,0,0,0,0,0,0,0,0,0,0,0,0,0,0,0,0,0,0,0,0,0,0,0,0,0,0,0,0,0,0,0,0,0,0,0,0,0,0,0,0,0,0,0,0,0,0,0,0,5.6,0,0,0,0,0,0,0
"Watanabe-etal2004","Watanabe-etal2004_66",2002,"N Pacific","NW Pacific","Westerlies - N. Pacific Polar Front Province","NPPF","temperate","juvenile",0,0,0,0,0,0,0,0,0,0,0,0,0,0,0,0,0,0,0,0,0,0,0,0,0,0,0,0,0,0,0,0,2.1,0,0,0,0,0,0,0,0,0,0,2.1,0,0,0,0,0,0,0,0,0,0,0,0,0,0,0,0,0,0,0,0,0,0,0,0,0,0,0,85.4,0,0,0,0,0,0,0,0,0,0,0,0,12.5,0,0,0,0,0,0,0,0,0,0,0,0,0,0,0,0,0,0,0,0,0,0,0,0,0,0,0,0,2.1,0,0,0,0,0,0,0,0,0,0,0,0,4.2,0,0,0,0,0,0,0,0,0,0,0,0,0,0,0,0,0,0,0,0,0,0,0,0,0,0,0,0,0,4.2,0,0,0,0,0,0,0,0,0,0,4.2,0,0,0,0,0,0,0,0,0,0,0,0,0,0,0,0,0,0,0,0,0,0,0,0,0,0,0,0,0,0,0,0,0,0,0,0,0,0,0,0,0,0,0,0,0,0,0,0,0,0,0,0,0,0,0,0,0,0,0,0,0,0,0,0
"Watanabe-etal2004","Watanabe-etal2004_67",2002,"N Pacific","NW Pacific","Westerlies - N. Pacific Polar Front Province","NPPF","temperate","juvenile",0,0,1.5,0,0,0,0,0,0,0,0,0,0,0,0,0,0,0,0,0,0,0,0,0,0,0,0,0,0,0,0,0,13.6,0,0,0,0,0,0,0,0,0,0,0,0,0,0,0,0,0,0,0,0,0,0,0,0,0,0,0,0,0,0,0,0,0,0,0,0,0,0,45.5,0,0,0,0,0,0,0,0,0,0,0,0,28.8,1.5,0,0,0,0,0,0,0,0,0,0,0,0,0,0,0,0,0,0,0,0,0,0,0,0,0,0,0,1.5,0,0,0,0,0,0,0,0,0,0,0,0,0,0,0,0,0,0,0,0,0,0,0,0,0,0,0,0,0,0,0,0,0,0,0,0,0,0,0,1.5,0,1.5,7.6,0,0,0,0,0,0,0,0,1.5,0,6.1,1.5,0,0,0,0,0,0,0,0,0,0,0,0,0,0,0,0,0,0,0,0,0,0,0,0,0,0,0,0,0,0,0,0,0,0,0,4.5,0,0,0,0,0,0,0,0,0,0,0,0,0,0,0,1.5,0,0,0,0,0,0,0,0,0,0,0
"Williams2015","Williams2015_68",2010,"S Pacific","SW Pacific","Trades - Archipelagic Deep Basins Province","ARCH","tropical","mixed",0,0,0,0,0,0,0,0,0,0,0,0,0,0,0,0,0,0,0,0,0,0,0,0,0,0,0,0,0,0,0,0,0,0,0,0,0,0,0,0,0,0,0,0,0,0,0,0,0,0,0,0,0,0,0,0,0,0,0,0,0,0,0,0,0,0,0,0,0,0,0,0,0,0,0,0,0,0,0,0,0,0,0,0,0,0,0,0,0,0,0,0,0,0,0,0,2.9,0,0,0,0,0,0,0,0,1.8,0,0,0,0,0,0,0,0,0,0,0,0,0,0,0,0,0,0,0,0,0,0,0,0,0,0,0,0,0,0,0,0,0,0,0,0,0,0,0,0,0,0,0,0,0,0,0,0,2.6,0,0,0,0,0,3.8,0,0,0,0,0,0,0,0,0,0,0,0,0,0,0,0,4.7,0,0,0,0,0,0,0,0,0,0,0,0,0,0,0,0,0,0,0,0,0,0,0,0,0,0,3.2,0,0,0,0,0,0,0,0,0,0,0,0,0,0,0,0,0,0,0,0,0,0,0,0,0,0,0
"Williams2015","Williams2015_69",2008,"S Pacific","SW Pacific","Westerlies - Subantarctic Province","SANT","temperate","mixed",0,0,0,0,0,0,0,0,0,0,0,0,0,0,0,0,0,0,0,0,0,0,0,0,0,0,0,0,0,0,0,0,0,0,0,0,0,0,0,0,0,0,0,0,0,0,0,0,0,0,0,0,0,0,0,0,0,0,0,0,0,0,0,0,0,0,0,0,0,0,0,0,0,0,0,0,0,0,0,0,0,0,0,0,0,0,0,0,0,0,0,0,0,0,0,0,0,0,0,0,0,0,0,0,0,0,0,0,0,0,0,0,0,0,0,0,0,0,0,0,0,0,0,0,0,0,0,0,0,0,0,0,0,0,0,0,0,0,0,0,0,0,0,0,0,0,13.2,0,0,0,0,0,0,0,0,0,0,0,0,0,0,0,0,0,0,0,0,0,0,0,0,0,0,0,0,0,0,0,0,0,0,0,0,0,0,0,0,0,0,0,0,0,0,0,0,0,0,0,0,0,0,0,0,0,0,0,0,0,0,0,0,0,0,0,0,0,0,0,0,0,0,0,0,0,0,0,0,0,0,0,0,0
"Williams2015","Williams2015_70",2009,"S Pacific","SW Pacific","Westerlies - Subantarctic Province","SANT","temperate","mixed",0,0,0,0,0,0,0,0,0,0,0,0,0,0,0,0,0,0,0,0,0,0,0,0,0,0,0,0,0,0,0,0,0,0,0,0,0,0,0,0,0,0,0,0,0,0,0,0,0,0,0,0,0,0,0,0,0,0,0,0,0,0,0,0,0,0,0,0,0,0,0,0,0,0,0,0,0,0,0,0,0,0,0,0,0,0,0,0,0,0,0,0,0,0,0,0,0,0,0,0,0,0,0,0,0,0,0,0,0,0,0,0,0,0,0,0,0,0,0,0,0,0,0,0,0,0,0,0,0,0,0,0,0,0,0,0,0,0,0,0,0,0,0,0,0,0,27.9,0,0,0,0,0,0,0,0,0,0,0,0,0,0,0,0,0,0,0,0,0,0,0,0,0,0,0,0,0,0,0,0,0,0,0,0,0,0,0,0,0,0,0,0,0,0,0,0,0,0,0,0,0,0,0,0,0,0,0,0,0,0,0,0,0,0,0,0,0,0,0,0,0,0,0,0,0,0,0,0,0,0,0,0,0
"Williams2015","Williams2015_71",2010,"S Pacific","SW Pacific","Coastal - New Zealand Coastal Province","NEWZ","temperate","mixed",0,0,0,0,0,0,0,0,0,0,0,0,0,0,0,0,0,0,0,0,0,0,0,0,0,0,0,0,0,0,0,0,0,0,0,0,0,0,0,0,0,0,0,0,0,0,0,0,0,0,0,0,0,0,0,0,0,0,0,0,0,0,0,0,0,0,0,0,0,0,0,0,0,0,0,0,0,0,0,0,0,0,0,0,0,0,0,0,0,0,0,0,0,0,0,0,0,0,0,0,0,0,0,0,0,0,0,0,0,0,0,0,0,0,0,0,0,0,0,0,0,0,0,0,0,0,0,0,0,0,0,0,0,0,0,0,0,0,0,0,0,0,0,0,0,0,0,0,0,0,0,0,0,0,0,0,0,0,0,0,0,0,0,0,0,0,0,0,0,0,0,0,0,0,0,0,0,0,0,0,0,0,0,0,0,0,0,0,0,0,0,0,0,0,0,0,0,0,0,0,0,0,0,0,3.7,0,0,0,0,0,0,0,0,0,0,0,0,0,0,0,0,0,0,0,0,0,0,0,0,0,0,0
"Williams2015","Williams2015_72",2010,"S Pacific","SW Pacific","Coastal - New Zealand Coastal Province","NEWZ","temperate","mixed",0,0,0,0,0,0,0,0,0,0,0,0,0,0,0,0,0,0,0,0,0,0,0,0,0,0,0,0,0,0,0,0,0,0,0,0,0,0,0,0,0,0,0,0,0,0,0,0,0,0,0,0,0,0,0,0,0,0,0,0,0,0,0,0,0,0,0,0,0,0,0,0,0,0,0,0,0,0,0,0,0,0,0,0,0,0,0,0,0,0,0,0,0,0,0,0,0,0,0,0,0,0,0,0,0,0,0,0,0,0,0,0,0,0,0,0,0,0,0,0,0,0,0,0,0,0,0,0,0,0,0,0,0,0,0,0,0,0,0,0,0,0,0,0,0,0,0,0,0,0,0,0,0,0,0,0,0,0,0,0,0,0,0,0,0,0,0,0,0,0,0,0,0,0,0,0,0,0,0,0,0,0,0,0,0,0,0,0,0,0,0,0,0,0,0,0,0,0,0,0,0,0,0,0,9.1,0,0,0,0,0,0,0,0,0,0,0,0,0,0,0,0,0,0,0,0,0,0,0,0,0,0,0
"Williams2015","Williams2015_73",2010,"S Pacific","SW Pacific","Westerlies - S. Pacific Subtropical Gyre Province","SPSG","tropical","mixed",0,0,0,0,0,0,0,0,0,0,0,0,0,0,0,0,0,0,0,0,0,0,0,0,0,0,0,0,0,0,0,0,0,0,0,0,0,0,0,0,0,0,0,0,0,0,0,0,0,0,0,0,0,0,0,0,0,0,0,0,0,0,0,0,0,0,0,0,0,0,0,0,0,0,0,0,0,0,0,0,0,0,0,0,0,0,0,0,0,0,0,0,0,0,0,0,2.4,0,0,0,0,0,0,0,0,2.4,0,0,0,0,0,0,0,0,0,0,0,0,0,0,0,0,0,0,0,0,0,0,0,0,0,0,0,0,0,0,0,0,0,0,0,0,0,0,0,0,0,0,0,0,0,0,0,0,16.7,0,0,0,0,0,4.8,0,0,0,0,0,0,0,0,0,0,0,0,0,0,0,0,2.4,0,0,0,0,0,0,0,0,0,0,0,0,0,0,0,0,0,0,0,0,0,0,0,0,0,0,0,0,0,0,0,0,0,0,0,0,0,0,0,0,0,0,0,0,0,0,0,0,0,0,0,0,0,0
"Young2010","Young2010_74",2006,"S Pacific","SW Pacific","Trades - Archipelagic Deep Basins Province","ARCH","temperate","adult",0,0,0,0,0,0,0,0,0,0,0,0,0,0,0,0,0,0,0,0,0,0,0,0,0,0,0,0,0,0,0,0,10,0,0,0,0,0,0,10,0,0,0,0,0,0,0,0,0,0,0,0,0,0,0,0,0,0,0,0,0,0,0,0,0,0,0,0,0,0,0,0,0,0,0,0,0,0,0,0,0,0,0,0,0,0,0,0,0,0,0,0,0,0,0,0,0,0,0,0,0,0,0,0,0,0,0,0,0,0,0,0,0,0,0,0,0,0,0,0,0,0,0,0,0,0,0,0,0,0,0,0,0,0,0,0,0,0,0,0,0,0,0,0,0,0,0,0,0,0,0,0,0,0,0,0,0,0,0,0,10,0,0,0,0,0,0,10,0,0,0,0,0,0,0,0,0,0,0,0,0,0,0,0,0,0,0,0,0,0,0,0,0,0,0,0,0,0,0,0,0,0,0,0,0,0,0,0,0,0,0,0,0,0,0,0,0,0,0,0,0,0,0,0,0,0,0,0,0,0,0,0
"Young2010","Young2010_75",2006,"S Pacific","SW Pacific","Trades - Archipelagic Deep Basins Province","ARCH","temperate","mixed",0,0,0,0,0,0,0,0,0,0,0,0,0,0,0,0,0,0,2.777777778,0,0,0,0,0,0,0,0,0,0,0,0,0,2.777777778,0,0,0,0,0,0,2.777777778,0,0,0,0,0,0,0,0,0,0,0,0,0,0,0,0,0,0,0,0,0,0,0,0,0,0,0,0,0,0,0,0,0,0,0,0,0,0,0,0,0,0,0,0,0,0,0,0,0,0,0,0,0,0,0,0,0,0,0,0,0,0,0,0,0,0,0,0,0,0,0,0,0,0,0,0,0,0,0,0,0,0,0,2.777777778,0,0,0,0,0,0,0,0,0,0,0,0,0,0,0,0,0,0,0,0,0,0,0,0,0,0,0,0,0,2.777777778,0,0,0,0,0,0,2.777777778,0,0,0,0,0,0,2.777777778,0,0,0,0,0,0,0,0,0,2.777777778,0,0,0,0,0,0,0,0,0,0,0,0,0,0,0,0,0,0,0,0,0,0,0,0,0,0,0,0,0,0,0,0,0,0,0,0,0,0,0,0,0,0,0,0,2.777777778,0,0,0,0,0,0,0,0,0
