"","prey_class","prey_order","prey_family","prey_sp","vert_habitat","horz_habitat","diel_migrant","diel_migrant_cat","refuge","refuge_cat","season_migrant","season_cat","body_shape","l_max","phys_defense","transparent","col_disrupt","silver","countershade","gregarious_primary","trophic_level","fisheries_status","b_shape_r","eye_body_r","standard_total","energy_density","percent_protein","percent_lipid","maxFO","maxN","maxM"
"1","Hydrozoa","Siphonophorae","Diphyidae","Chelophyes appendiculata","epipelagic","continental shelf","1.0","diel_yes","0.0","refuge_no","1.0","season_yes","fusiform",0.2,1,"1.0","0.0","0.0","0.0","schooling","NA","none",4.10585429301604,0,1,NA,NA,NA,16,0,0
"2","Malacostraca","Decapoda","Acanthephyridae","Acanthephyra pelagica","mesopelagic","oceanic","1.0","diel_yes","0.0","refuge_no","1.0","season_yes","elongated",27,1,"0.0","0.0","0.0","0.0","schooling","NA","none",6.23705788599511,0.0221404596661903,0.800545022150694,NA,NA,6.5375,38.8888888888889,0,0
"3","Malacostraca","Decapoda","Oplophpridae","Systellaspis debilis","mesopelagic","oceanic","1.0","diel_yes","0.0","refuge_no","1.0","season_yes","elongated",1.7,1,"0.0","0.0","0.0","0.0","schooling","3.32","none",8.42589990803702,0.0253097464428363,0.859183753943344,3.156,9.3,2.59,8,0,0
"4","Malacostraca","Decapoda","Polybiidae","Polybius henslowii","epipelagic","continental shelf","NA","diel_UN","1.0","refuge_yes","0.0","season_no","depressiform",4.4,1,"0.0","1.0","0.0","0.0","shoaling","3.46","none",NA,NA,NA,4.2,14.1,1.4,51.4285714285714,0,1
"5","Actinopterygii","Perciformes","Scombridae","Katsuwonus pelamis","epipelagic","oceanic","1.0","diel_yes","0.0","refuge_no","1.0","season_yes","fusiform",110,1,"0.0","1.0","1.0","1.0","schooling","4.43","highly commercial",3.51737223401035,0.039496938235589,0.909395083791833,6.12956,23.79125,1.69875,0.6,0.42593469,0
"6","Actinopterygii","Perciformes","Scombridae","Scomber scombrus","epipelagic","continental shelf","1.0","diel_yes","0.0","refuge_no","1.0","season_yes","fusiform",60,1,"0.0","1.0","1.0","1.0","schooling","3.63","highly commercial",5.5988379343569,0.0405641994153137,0.87977308096772,7.82333333333333,14.9,11.85,1.1,0.4,0.2
"7","Cephalopoda","Oegopsida","Onychoteuthidae","Onychoteuthis borealijaponica","epipelagic","oceanic","1.0","diel_yes","0.0","refuge_no","1.0","season_yes","fusiform",37,0,"0.0","1.0","0.0","0.0","schooling","4.5","commercial",5.51448267771059,0.0376700668718009,0.665533340197078,5.47538181818182,12.8,NA,58.5,13.4,3.3
"8","Cephalopoda","Oegopsida","Enoploteuthidae","Abraliopsis felis","mesopelagic","oceanic","1.0","diel_yes","0.0","refuge_no","NA","season_NA","fusiform",8,0,"1.0","1.0","0.0","0.0","NA","NA","none",5.28057889844523,0.050754532481781,0.458302808973147,4.4,17.4,NA,36.4,11.3,2.13235204523023
"9","Cephalopoda","Oegopsida","Ommastrephidae","Ornithoteuthis volatilis","mesopelagic","oceanic","1.0","diel_yes","0.0","refuge_no","1.0","season_yes","fusiform",31,0,"0.0","1.0","0.0","0.0","schooling","3.67","potential",6.13405588455912,0.037611929842542,0.805235460691636,NA,NA,NA,20.7,3.3,2.8
"10","Cephalopoda","Oegopsida","Ommastrephidae","Hyaloteuthis pelagica","mesopelagic","oceanic","1.0","diel_yes","0.0","refuge_no","0.0","season_no","fusiform",9,0,"0.0","1.0","0.0","0.0","schooling","3.8","none",6.38336970913376,0.0613610620980357,0.648279258632226,NA,NA,NA,2.9,0,0.5
"11","Cephalopoda","Octopoda","Octopodidae","Octopus vulgaris","benthic","reef-associated","0.0","diel_no","1.0","refuge_yes","1.0","season_yes","fusiform",25,0,"0.0","1.0","0.0","0.0","solitary","3.74","commercial",6.50520517909255,0.0263079301509066,0.214655308351039,3.42,16.0925,0.823,16.6666666666667,0,0
"12","Cephalopoda","Oegopsida","Ommastrephidae","Ornithoteuthis antillarum","mesopelagic","oceanic","1.0","diel_yes","0.0","refuge_no","0.0","season_no","fusiform",20,0,"0.0","0.0","0.0","0.0","schooling","4.14","none",5.90111926725182,0.0388268519032531,0.805734756594708,NA,NA,NA,12,0,0
"13","Cephalopoda","Oegopsida","Onychoteuthidae","Onykia robusta","demersal","oceanic","1.0","diel_yes","0.0","refuge_no","NA","season_NA","fusiform",230,0,"0.0","0.0","0.0","0.0","shoaling","4.13","none",7.59702024743419,0.0114076278052255,0.573442471067685,NA,NA,NA,6,0.5,0.3
"14","Cephalopoda","Oegopsida","Gonatidae","Berryteuthis anonychus","mesopelagic","oceanic","1.0","diel_yes","1.0","refuge_yes","1.0","season_yes","fusiform",15,0,"0.0","1.0","0.0","0.0","schooling","NA","potential",5.41472852037061,0.0539881723935213,0.606897526662022,4.26,10.6,1.35,38.5,9,0
"15","Cephalopoda","Oegopsida","Gonatidae","Gonatus onyx","mesopelagic","oceanic","1.0","diel_yes","0.0","refuge_no","1.0","season_yes","fusiform",14.5,0,"0.0","1.0","0.0","0.0","solitary","NA","none",5.92717667262218,0.0455761960841425,0.51704262815379,39.33,NA,NA,1,0,0
"16","Cephalopoda","Oegopsida","Gonatidae","Gonatopsis borealis","mesopelagic","oceanic","1.0","diel_yes","1.0","refuge_yes","0.0","season_no","fusiform",33,0,"0.0","0.0","0.0","0.0","schooling","NA","potential",5.7325569691604,0.0384063357679049,0.564971320264562,4.13034285714286,8.6975,4.186,28.8,15.8,10.8
"17","Cephalopoda","Oegopsida","Gonatidae","Gonatus berryi","mesopelagic","oceanic","0.0","diel_no","0.0","refuge_no","NA","season_NA","fusiform",24,0,"0.0","0.0","0.0","0.0","solitary","NA","none",8.83928866832423,0.0481612926333679,0.602522957811243,5,8.9,6.2,1.5,0.1,0.1
"18","Cephalopoda","Oegopsida","Ommastrephidae","Eucleoteuthis luminosa","epipelagic","oceanic","1.0","diel_yes","0.0","refuge_no","1.0","season_yes","elongated",22.7,0,"0.0","1.0","0.0","0.0","schooling","4.1","none",6.65779074673977,0.0431757062823878,0.617539336090291,NA,NA,1.5,4.9,1.3,1.9
"19","Cephalopoda","Oegopsida","Ommastrephidae","Ommastrephes bartramii","epipelagic","oceanic","1.0","diel_yes","0.0","refuge_no","1.0","season_yes","fusiform",45,0,"0.0","1.0","0.0","0.0","schooling","4.37","highly commercial",5.43985371164068,0.0444631878738816,0.761282086428217,NA,NA,0.96,5,1.6,6.2
"20","Cephalopoda","Oegopsida","Cranchiidae","Galiteuthis armata","mesopelagic","oceanic","1.0","diel_yes","0.0","refuge_no","NA","season_NA","fusiform",61,0,"1.0","1.0","0.0","0.0","NA","NA","none",6.80268889366612,0.0601883954990335,0.807175183351013,NA,NA,NA,54.2857142857143,0,0
"21","Cephalopoda","Oegopsida","Histioteuthidae","Histioteuthis reversa","mesopelagic","oceanic","1.0","diel_yes","0.0","refuge_no","0.0","season_no","fusiform",19,0,"0.0","1.0","0.0","0.0","schooling","4.11","none",5.76063801874459,0.0609496353283414,0.35190879524607,NA,NA,NA,28,2.05,0.86
"22","Cephalopoda","Myopsida","Loliginidae","Doryteuthis opalescens","epipelagic","continental shelf","1.0","diel_yes","0.0","refuge_no","1.0","season_yes","fusiform",19,0,"0.0","1.0","0.0","0.0","schooling","3.74","commercial",6.31686347314711,0.0786422429115184,0.652230196750622,3.49725,16.5,1,13.4,6.04437643458301,22.6638560235899
"23","Cephalopoda","Oegopsida","Pyroteuthidae","Pterygioteuthis giardi","mesopelagic","oceanic","1.0","diel_yes","0.0","refuge_no","NA","season_NA","fusiform",4,0,"0.0","1.0","0.0","0.0","shoaling","3.36","none",4.23567465052725,0.0776456036470682,0.640399640479303,NA,NA,NA,1.63,0.16,0
"24","Cephalopoda","Oegopsida","Ommastrephidae","Illex argentinus","epipelagic","continental slope","1.0","diel_yes","0.0","refuge_no","1.0","season_yes","fusiform",33,0,"0.0","0.0","0.0","0.0","schooling","3.82","highly commercial",4.79464379581997,0.0352973575534677,0.570488028516894,5.014,16,1.12,12,0,0
"25","Cephalopoda","Oegopsida","Ommastrephidae","Todarodes pacificus","demersal","oceanic","1.0","diel_yes","0.0","refuge_no","1.0","season_yes","fusiform",50,0,"0.0","1.0","0.0","0.0","schooling","4.28","highly commercial",6.96255135098816,0.0297150224484735,0.638791766780036,3.75,17.0875,1.4725,1.5,0.2,0.4
"26","Cephalopoda","Oegopsida","Onychoteuthidae","Ancistroteuthis lichtensteinii","demersal","continental shelf","1.0","diel_yes","0.0","refuge_no","1.0","season_yes","fusiform",30,0,"0.0","1.0","0.0","0.0","schooling","NA","potential",8.59555139407798,0.0444971717754115,0.560045638956997,NA,NA,NA,33,4.9,0.71
"27","Cephalopoda","Octopoda","Octopodidae","Scaeurgus unicirrhus","benthic","continental shelf","1.0","diel_yes","1.0","refuge_yes","1.0","season_yes","fusiform",9,0,"0.0","1.0","0.0","0.0","solitary","NA","potential",6.17286721864459,0.0138382451420089,0.222490923867793,NA,NA,NA,5,1.6,0
"28","Cephalopoda","Oegopsida","Ommastrephidae","Illex coindetii","demersal","continental shelf","1.0","diel_yes","0.0","refuge_no","1.0","season_yes","fusiform",32,0,"0.0","1.0","0.0","0.0","schooling","3.94","highly commercial",7.21326775573866,0.0446798911314911,0.56136426964707,4.3,17.3,1.46,10.3,2.13,3.3
"29","Cephalopoda","Oegopsida","Ancistrocheiridae","Ancistrocheirus lesueurii","mesopelagic","oceanic","1.0","diel_yes","0.0","refuge_no","1.0","season_yes","fusiform",41,0,"0.0","1.0","0.0","0.0","NA","NA","none",6.53010348142899,0.0619700709073132,0.415195399779098,NA,NA,NA,7,0.4,0.5
"30","Cephalopoda","Myopsida","Loliginidae","Alloteuthis subulata","demersal","continental shelf","NA","diel_UN","0.0","refuge_no","1.0","season_yes","fusiform",21,0,"0.0","1.0","0.0","0.0","schooling","4.5","commercial",7.0034787439957,0.0558524682657779,0.72505559450195,3.9,16.4,1.3,1,0.43,0.08
"31","Cephalopoda","Oegopsida","Ommastrephidae","Todarodes sagittatus","demersal","continental shelf","1.0","diel_yes","0.0","refuge_no","1.0","season_yes","fusiform",75,0,"0.0","1.0","0.0","0.0","schooling","4.19","commercial",6.73534466250394,0.045715426856833,0.474768542405368,4.01,NA,6.36,73.7,39.5,0.3
"32","Cephalopoda","Oegopsida","Brachioteuthidae","Brachioteuthis riisei","bathypelagic","oceanic","1.0","diel_yes","0.0","refuge_no","1.0","season_yes","fusiform",17,0,"1.0","0.0","0.0","0.0","NA","3.2","none",6.88338765892976,0.0672648224495483,0.645379956290468,NA,NA,NA,29.6296296296296,0,0
"33","Cephalopoda","Oegopsida","Cranchiidae","Cranchia scabra","mesopelagic","oceanic","NA","diel_UN","0.0","refuge_no","NA","season_NA","globiform",15,0,"1.0","0.0","0.0","0.0","NA","3.57","none",2.48701521305014,0.071597931105658,NA,NA,NA,NA,1.1,0.1,0
"34","Cephalopoda","Octopoda","Octopodidae","Pteroctopus tetracirrhus","benthic","continental shelf","1.0","diel_yes","1.0","refuge_yes","1.0","season_yes","fusiform",14,0,"0.0","1.0","0.0","0.0","solitary","3.73","minor commercial",4.82976307604367,0.022015242262005,0.278256642571842,NA,NA,NA,24,3.4,0
"35","Cephalopoda","Oegopsida","Cranchiidae","Teuthowenia megalops","mesopelagic","oceanic","1.0","diel_yes","0.0","refuge_no","NA","season_NA","globiform",40,0,"1.0","1.0","0.0","0.0","NA","NA","none",5.12634433631194,0.103749234778993,0.639194148890172,1.69,NA,NA,16.6666666666667,0.1,0
"36","Cephalopoda","Oegopsida","Cranchiidae","Galiteuthis phyllura","mesopelagic","oceanic","NA","diel_UN","0.0","refuge_no","NA","season_NA","fusiform",270,0,"1.0","1.0","0.0","0.0","NA","NA","none",6.28905342475231,0.0642329269337908,0.73876371594939,3.51,9.3,3.3,0,0,0
"37","Cephalopoda","Decapodiformes","Chtenopterygidae","Chtenopteryx sicula","mesopelagic","oceanic","1.0","diel_yes","0.0","refuge_no","1.0","season_yes","fusiform",10,0,"1.0","1.0","0.0","0.0","NA","4.03","none",4.00770390564239,0.0953678953034641,0.494758846292766,NA,NA,NA,33.3333333333333,0,0
"38","Cephalopoda","Octopoda","Alloposidae","Haliphron atlanticus","mesopelagic","continental slope","1.0","diel_yes","0.0","refuge_no","NA","season_NA","fusiform",40,0,"0.0","0.0","0.0","0.0","solitary","3.85","none",3.27946932088237,0.0528972083864895,0.210050159824181,NA,NA,NA,5,0,0
"39","Cephalopoda","Octopoda","Amphitretidae","Japetella heathi","mesopelagic","oceanic","1.0","diel_yes","0.0","refuge_no","NA","season_NA","globiform",8,0,"1.0","1.0","0.0","0.0","solitary","NA","none",1.98082364587567,0.102038974294297,0.633069158263217,2.8,9.275,NA,7,0,0.6
"40","Cephalopoda","Octopoda","Argonautidae","Argonauta argo","epipelagic","oceanic","0.0","diel_no","0.0","refuge_no","1.0","season_yes","compressiform",15,1,"0.0","1.0","0.0","0.0","schooling","4.5","commercial",2.77803979041028,0.0687717239198642,0.500065631996491,NA,NA,NA,13.11,2.37,1.6
"41","Cephalopoda","Octopoda","Argonautidae","Argonauta nodosus","epipelagic","oceanic","0.0","diel_no","0.0","refuge_no","1.0","season_yes","compressiform",13.79,1,"0.0","1.0","0.0","0.0","schooling","NA","none",1.74109797924799,0.100304885680282,0.444491217911405,NA,NA,NA,5,0,0.1
"42","Cephalopoda","Octopoda","Opisthoteuthidae","Opisthoteuthis californiana","benthic","continental slope","1.0","diel_yes","1.0","refuge_yes","0.0","season_no","fusiform",8,0,"1.0","1.0","0.0","0.0","solitary","NA","none",1.39463756201212,0.0853750685578265,NA,NA,NA,1.2,0.5,0.1,0
"43","Cephalopoda","Oegopsida","Cranchiidae","Helicocranchia pfefferi","mesopelagic","oceanic","NA","diel_UN","0.0","refuge_no","NA","season_NA","globiform",NA,0,"1.0","1.0","0.0","0.0","NA","NA","none",2.66212681311964,0.0722238586462707,0.741321872409547,NA,NA,NA,7.40740740740741,0,0
"44","Cephalopoda","Oegopsida","Cranchiidae","Liocranchia reinhardtii","mesopelagic","oceanic","1.0","diel_yes","0.0","refuge_no","NA","season_NA","globiform",25,0,"1.0","1.0","0.0","0.0","NA","4.5","none",1.97196910715466,0.0517251431308441,0.828398107066458,NA,NA,NA,1.85185185185185,0,0
"45","Cephalopoda","Oegopsida","Enoploteuthidae","Abralia redfieldi","mesopelagic","oceanic","1.0","diel_yes","0.0","refuge_no","NA","season_NA","fusiform",3.6,0,"1.0","1.0","0.0","0.0","NA","NA","none",3.91441550657428,0.0848775355631824,0.526756112303038,NA,NA,NA,5,0,0
"46","Cephalopoda","Oegopsida","Enoploteuthidae","Abraliopsis affinis","mesopelagic","oceanic","1.0","diel_yes","0.0","refuge_no","NA","season_NA","fusiform",4.3,0,"1.0","1.0","0.0","0.0","NA","NA","none",5.34538495821609,0.0697949529570643,0.456921391606816,NA,NA,NA,1.16279069767442,0.0765110941086457,0.00609243441494352
"47","Cephalopoda","Oegopsida","Gonatidae","Gonatus californiensis","mesopelagic","oceanic","1.0","diel_yes","0.0","refuge_no","NA","season_NA","fusiform",31.5,0,"0.0","1.0","0.0","0.0","solitary","NA","none",7.64098372224313,0.0310420569307045,0.596464034651598,NA,NA,NA,0,0,0
"48","Cephalopoda","Oegopsida","Gonatidae","Gonatus pyros","mesopelagic","oceanic","1.0","diel_yes","0.0","refuge_no","NA","season_NA","fusiform",16,0,"0.0","0.0","0.0","0.0","solitary","NA","none",NA,NA,NA,NA,NA,NA,0,0,0.1
"49","Cephalopoda","Oegopsida","Gonatidae","Gonatus steenstrupi","mesopelagic","oceanic","1.0","diel_yes","0.0","refuge_no","NA","season_NA","fusiform",15,0,"1.0","1.0","0.0","0.0","solitary","NA","potential",3.95210978472899,0.105027091930819,0.604021279577028,3.78,NA,NA,23.5,3.5,0.3
"50","Cephalopoda","Oegopsida","Histioteuthidae","Histioteuthis bonnellii","mesopelagic","oceanic","1.0","diel_yes","0.0","refuge_no","0.0","season_no","fusiform",33,0,"0.0","1.0","0.0","0.0","schooling","4.16","potential",4.80014632437565,0.067840870541936,0.290534920223717,NA,NA,NA,63.2,38.4,0
"51","Cephalopoda","Oegopsida","Histioteuthidae","Histioteuthis heteropsis","mesopelagic","oceanic","1.0","diel_yes","0.0","refuge_no","0.0","season_no","fusiform",13.2,0,"0.0","1.0","0.0","0.0","schooling","NA","none",6.0745063541683,0.06554227211486,0.330543034986048,NA,NA,NA,1.5,0.1,0
"52","Cephalopoda","Oegopsida","Lycoteuthidae","Lycoteuthis lorigera","mesopelagic","oceanic","1.0","diel_yes","1.0","refuge_yes","0.0","season_no","fusiform",19,0,"0.0","0.0","0.0","0.0","schooling","NA","none",4.85315049928055,0.071223511973167,0.490600552110153,NA,NA,3.2,32.8,17.3,25.8
"53","Cephalopoda","Oegopsida","Mastigoteuthidae","Mastigoteuthis dentata","mesopelagic","oceanic","1.0","diel_yes","0.0","refuge_no","NA","season_NA","elongated",7.2,0,"0.0","0.0","0.0","0.0","NA","NA","none",8.08153378039053,0.0694964323312668,0.607161656334074,NA,NA,NA,22.5,1.8,0.2
"54","Cephalopoda","Oegopsida","Octopoteuthidae","Octopoteuthis sicula","mesopelagic","oceanic","1.0","diel_yes","0.0","refuge_no","0.0","season_no","fusiform",20,0,"1.0","0.0","0.0","0.0","NA","NA","none",4.32859419033216,0.0725712424899676,0.459915021510759,3.79,17.4,NA,32.7,2.37,0.609243441494352
"55","Cephalopoda","Oegopsida","Ommastrephidae","Sthenoteuthis oualaniensis","mesopelagic","oceanic","1.0","diel_yes","0.0","refuge_no","1.0","season_yes","fusiform",65,0,"0.0","1.0","0.0","0.0","schooling","4.56","commercial",6.15359852076575,0.035734058029199,0.579006402567827,NA,NA,NA,17.9,7,8.5
"56","Cephalopoda","Oegopsida","Ommastrephidae","Todaropsis eblanae","demersal","continental shelf","1.0","diel_yes","0.0","refuge_no","1.0","season_yes","fusiform",27,0,"0.0","1.0","0.0","0.0","schooling","4.25","commercial",5.63507959542583,0.0438650302036472,0.483715895781049,4.4,18,2.4,2.777777778,0,13.64
"57","Cephalopoda","Oegopsida","Onychoteuthidae","Onychoteuthis banksii","epipelagic","oceanic","1.0","diel_yes","0.0","refuge_no","1.0","season_yes","fusiform",37,0,"0.0","1.0","0.0","0.0","schooling","3.79","potential",4.89567531831975,0.04321980221303,0.788906647624305,4.4,NA,NA,83.3333333333333,12.32,5.5
"58","Cephalopoda","Oegopsida","Pyroteuthidae","Pterygioteuthis microlampas","mesopelagic","oceanic","1.0","diel_yes","0.0","refuge_no","NA","season_NA","fusiform",5,0,"0.0","1.0","0.0","0.0","shoaling","NA","none",4.93426901451436,0.134293187001573,0.531265219678776,NA,NA,NA,0.332225913621262,0,0
"59","Cephalopoda","Oegopsida","Pyroteuthidae","Pyroteuthis margaritifera","mesopelagic","oceanic","1.0","diel_yes","0.0","refuge_no","NA","season_NA","fusiform",5,0,"0.0","1.0","0.0","0.0","shoaling","3.1","none",4.9698656964139,0.0988345556016666,0.432954020577877,NA,NA,NA,1.63,0.16,0
"60","Cephalopoda","Sepiida","Sepiolidae","Heteroteuthis (Heteroteuthis) dispar","mesopelagic","continental slope","1.0","diel_yes","0.0","refuge_no","NA","season_NA","globiform",2.5,0,"0.0","1.0","0.0","0.0","shoaling","3.6","none",2.43487574284062,0.144468771718196,0.593690297946619,NA,NA,NA,NA,NA,NA
"61","Cephalopoda","Sepiida","Sepiolidae","Sepietta oweniana","benthic","continental shelf","1.0","diel_yes","1.0","refuge_yes","1.0","season_yes","fusiform",5,0,"0.0","1.0","0.0","0.0","shoaling","3.45","none",4.26313267099172,0.0814226216878224,0.453946114118484,NA,NA,NA,2.85714285714286,0,0
"62","Actinopterygii","Aulopiformes","Paralepididae","Paralepis coregonoides","mesopelagic","oceanic","NA","diel_UN","0.0","refuge_no","NA","season_NA","elongated",50,0,"1.0","0.0","1.0","0.0","schooling","4.07","none",9.11753676406396,0.0420292661291814,0.889706862308886,NA,NA,NA,81.4814814814815,20.38,26.89
"63","Actinopterygii","Perciformes","Bramidae","Pterycombus petersii","epipelagic","oceanic","NA","diel_UN","0.0","refuge_no","1.0","season_yes","compressiform",36.4,0,"0.0","0.0","1.0","1.0","schooling","4.1","none",2.96980060940887,0.0862317027331112,0.792372992516249,NA,NA,NA,4.7,0.1,2.2
"64","Actinopterygii","Perciformes","Bramidae","Taractes asper","epipelagic","oceanic","NA","diel_UN","0.0","refuge_no","1.0","season_yes","compressiform",50,0,"0.0","0.0","1.0","0.0","NA","4.3","none",3.21183202285246,0.0783798511679819,0.73001008344281,NA,NA,NA,0,0,0
"65","Actinopterygii","Argentiniformes","Bathylagidae","Bathylagoides wesethi","mesopelagic","oceanic","1.0","diel_yes","0.0","refuge_no","NA","season_NA","elongated",13.5,0,"0.0","0.0","1.0","1.0","schooling","3.4","none",7.92963727743795,0.0851668058762836,0.859175551515747,2.85,8.5,2.4,0,0,0
"66","Actinopterygii","Stomiiformes","Sternoptychidae","Sternoptyx diaphana","mesopelagic","oceanic","0.0","diel_no","0.0","refuge_no","0.0","season_no","compressiform",5.5,0,"0.0","0.0","1.0","0.0","solitary","3.44","none",1.63579611964388,0.121914176842539,0.73707954798368,2.7868,8.605,3.75166666666667,44.4444444444444,0.1,0
"67","Actinopterygii","Myctophiformes","Myctophidae","Benthosema glaciale","mesopelagic","oceanic","1.0","diel_yes","0.0","refuge_no","1.0","season_yes","fusiform",10.3,0,"0.0","1.0","1.0","0.0","schooling","2.99","potential",4.76479999027014,0.0736038935586767,0.769068343602686,7.08,13.95,10.6,10.3,0.1,0.7
"68","Actinopterygii","Perciformes","Pomacentridae","Chromis punctipinnis","demersal","reef-associated","1.0","diel_yes","1.0","refuge_yes","0.0","season_no","fusiform",25,1,"0.0","1.0","0.0","0.0","schooling","2.73","minor commercial",3.12502130748632,0.0579942294591556,0.768342147826665,NA,NA,NA,0,0,0
"69","Actinopterygii","Aulopiformes","Paralepididae","Arctozenus risso","mesopelagic","oceanic","1.0","diel_yes","0.0","refuge_no","1.0","season_yes","elongated",30,0,"0.0","0.0","1.0","0.0","solitary","3.22","none",13.1973470810214,0.0307084096156233,0.916094246251108,4.3,15.8,4.615,52,4,0.5
"70","Actinopterygii","Myctophiformes","Myctophidae","Lampanyctus alatus","mesopelagic","oceanic","1.0","diel_yes","0.0","refuge_no","1.0","season_yes","fusiform",6.1,0,"0.0","1.0","1.0","1.0","schooling","3.22","none",6.48668924129321,0.0574920989799308,0.798430675392276,3.838,13.8,1.3,5.55555555555556,0,0
"71","Actinopterygii","Myctophiformes","Myctophidae","Protomyctophum crockeri","mesopelagic","oceanic","1.0","diel_yes","0.0","refuge_no","NA","season_NA","fusiform",3.7,0,"0.0","1.0","1.0","1.0","schooling","3.2","none",3.9392883880448,0.119638551907306,0.812920599191495,NA,NA,3.73333333333333,2.7,0.2,0
"72","Actinopterygii","Myctophiformes","Myctophidae","Nannobrachium ritteri","mesopelagic","oceanic","1.0","diel_yes","0.0","refuge_no","1.0","season_yes","fusiform",12,0,"0.0","1.0","1.0","1.0","schooling","3.37","none",5.21753816670108,0.0420774393121144,0.834909500490982,7.43925,9.6022,12.8728125,1.8,0.1,0
"73","Actinopterygii","Perciformes","Gempylidae","Diplospinus multistriatus","mesopelagic","continental shelf","1.0","diel_yes","0.0","refuge_no","0.0","season_no","elongated",33,1,"0.0","0.0","0.0","0.0","solitary","3.51","subsistence fisheries",15.823188860179,0.0354008522630266,0.919496686185104,10.21,NA,NA,8,0,0
"74","Actinopterygii","Perciformes","Gempylidae","Nesiarchus nasutus","mesopelagic","continental shelf","1.0","diel_yes","0.0","refuge_no","NA","season_NA","elongated",130,1,"0.0","0.0","1.0","0.0","NA","4.33","minor commercial",10.4612468650755,0.0300351913126785,0.87906096239527,NA,NA,NA,3,0,0
"75","Actinopterygii","Myctophiformes","Myctophidae","Ceratoscopelus maderensis","mesopelagic","oceanic","1.0","diel_yes","0.0","refuge_no","1.0","season_yes","fusiform",8.1,0,"0.0","1.0","1.0","1.0","schooling","3.05","none",6.06699915722744,0.0821437739952277,0.769065335336972,7.22,NA,8.2,29.6296296296296,0,0
"76","Actinopterygii","Myctophiformes","Myctophidae","Ceratoscopelus warmingii","mesopelagic","oceanic","1.0","diel_yes","0.0","refuge_no","1.0","season_yes","fusiform",8.1,0,"0.0","1.0","1.0","1.0","schooling","3.4","none",5.95778808142091,0.0724484697762948,0.755350796135803,NA,11.5,6.24,5.6,0.8,0.2
"77","Actinopterygii","Aulopiformes","Omosudidae","Omosudis lowii","mesopelagic","oceanic","1.0","diel_yes","0.0","refuge_no","NA","season_NA","elongated",23,0,"0.0","0.0","1.0","0.0","solitary","4.29","none",4.93265216108913,0.0584555161744779,0.863521681715712,NA,NA,NA,16.7,0.7,1.2
"78","Actinopterygii","Perciformes","Mugilidae","Mugil cephalus","epipelagic","coastal","1.0","diel_yes","0.0","refuge_no","1.0","season_yes","fusiform",100,1,"0.0","0.0","1.0","1.0","schooling","2.48","highly commercial",5.09599800089129,0.0391380383260703,0.808512337619012,4.96467380413793,17.02,4.1412,0,0,0
"79","Actinopterygii","Perciformes","Stromateidae","Peprilus simillimus","demersal","coastal","NA","diel_UN","1.0","refuge_yes","NA","season_NA","compressiform",28,1,"0.0","0.0","1.0","1.0","schooling","4.0","commercial",2.67637526024364,0.039896518296757,0.743324372666674,NA,NA,NA,0.5,0.1,0
"80","Actinopterygii","Myctophiformes","Myctophidae","Lampanyctus intricarius","mesopelagic","oceanic","1.0","diel_yes","0.0","refuge_no","1.0","season_yes","fusiform",20,0,"0.0","1.0","1.0","1.0","schooling","3.4","none",5.93928306831689,0.0429067935862826,0.848327645027384,NA,NA,NA,37.037037037037,0,0
"81","Actinopterygii","Perciformes","Ammodytidae","Ammodytes tobianus","demersal","continental shelf","1.0","diel_yes","1.0","refuge_yes","0.0","season_no","elongated",20,0,"0.0","0.0","1.0","1.0","schooling","3.08","highly commercial",11.3523436326923,0.0281744212699575,1.91282657932961,NA,NA,NA,NA,NA,NA
"82","Actinopterygii","Myctophiformes","Myctophidae","Lampanyctus crocodilus","bathypelagic","oceanic","1.0","diel_yes","0.0","refuge_no","1.0","season_yes","fusiform",30,0,"0.0","1.0","1.0","1.0","schooling","3.22","potential",6.15136139603933,0.0417813908391866,0.82051681154952,4.1,16.1,1.6,48.5714285714286,0,0
"83","Actinopterygii","Clupeiformes","Clupeidae","Sardinops sagax","epipelagic","coastal","1.0","diel_yes","0.0","refuge_no","1.0","season_yes","fusiform",39.5,0,"0.0","1.0","1.0","1.0","schooling","2.84","highly commercial",5.64779797430361,0.0483820286711635,0.834931517082039,7.92666666666667,17.3355555555556,8.95257142857143,29.0697674418605,3.90206579954093,7.4327699862311
"84","Actinopterygii","Beloniformes","Scomberesocidae","Scomberesox saurus saurus","epipelagic","oceanic","1.0","diel_yes","0.0","refuge_no","1.0","season_yes","elongated",50,0,"0.0","0.0","1.0","1.0","schooling","3.91","minor commercial",10.3311636904401,0.0262177538627994,0.897564246511213,NA,NA,NA,NA,NA,NA
"85","Actinopterygii","Gadiformes","Gadidae","Microgadus proximus","demersal","continental shelf","1.0","diel_yes","1.0","refuge_yes","1.0","season_yes","fusiform",30.5,0,"0.0","0.0","1.0","1.0","schooling","3.58","minor commercial",5.14564093986688,0.0392537136292672,0.828784243988898,3.83125,10.96,2.73914,33.33333333,0.5,0
"86","Actinopterygii","Beloniformes","Scomberesocidae","Cololabis saira","epipelagic","oceanic","0.0","diel_no","0.0","refuge_no","1.0","season_yes","elongated",40,0,"0.0","0.0","1.0","1.0","schooling","3.71","highly commercial",8.49401274727012,0.0318175447821097,0.893821207124173,6.29712,19.776069,8.53161555555556,54.35,11.1,23.3
"87","Actinopterygii","Clupeiformes","Engraulidae","Engraulis mordax","epipelagic","coastal","1.0","diel_yes","0.0","refuge_no","1.0","season_yes","elongated",24.8,0,"0.0","0.0","1.0","1.0","schooling","3.1","commercial",5.94195536299165,0.0507285341763106,0.851299405873863,6.632,13.8,6.12333333333333,69.7,40.4,23
"88","Actinopterygii","Perciformes","Mullidae","Mullus barbatus barbatus","demersal","continental shelf","0.0","diel_no","1.0","refuge_yes","1.0","season_yes","fusiform",33.2,1,"0.0","1.0","1.0","1.0","shoaling","3.14","commercial",4.6005071330474,0.0515865879636832,0.80913597911571,4.79,18.855,4.405,1.85185185185185,0,0
"89","Actinopterygii","Aulopiformes","Anotopteridae","Anotopterus pharao","mesopelagic","oceanic","NA","diel_UN","0.0","refuge_no","1.0","season_yes","elongated",96,0,"0.0","0.0","1.0","1.0","solitary","4.34","none",14.608832623648,0.0312489094290915,0.927838531772894,10.87,NA,NA,11.1111111111111,0,0
"90","Actinopterygii","Clupeiformes","Engraulidae","Engraulis encrasicolus","epipelagic","coastal","1.0","diel_yes","0.0","refuge_no","1.0","season_yes","elongated",20,0,"0.0","0.0","1.0","1.0","schooling","3.12","highly commercial",6.72879463123401,0.0483216472803161,0.849129133329125,5.39875,19.625,2.7,29.2,1.5,20
"91","Actinopterygii","Aulopiformes","Paralepididae","Lestidiops sphyrenoides","mesopelagic","oceanic","1.0","diel_yes","0.0","refuge_no","1.0","season_yes","elongated",27,0,"1.0","0.0","1.0","0.0","schooling","4.5","none",10.7012438507586,0.0407191255136835,0.929965209781006,NA,NA,NA,31.4814814814815,0,0
"92","Actinopterygii","Myctophiformes","Myctophidae","Electrona risso","mesopelagic","oceanic","1.0","diel_yes","0.0","refuge_no","1.0","season_yes","fusiform",8.2,0,"0.0","1.0","1.0","1.0","schooling","3.4","none",3.54334752444828,0.128149897723071,0.830229110553092,NA,NA,NA,NA,NA,NA
"93","Actinopterygii","Aulopiformes","Paralepididae","Magnisudis atlantica","mesopelagic","oceanic","NA","diel_UN","0.0","refuge_no","NA","season_NA","elongated",56,0,"1.0","0.0","1.0","0.0","schooling","3.65","none",9.83547149398581,0.0422720553722116,0.880734167039143,NA,NA,6.19,8.2,2,2.4
"94","Actinopterygii","Myctophiformes","Myctophidae","Diaphus luetkeni","mesopelagic","oceanic","1.0","diel_yes","0.0","refuge_no","NA","season_NA","fusiform",8.8,0,"0.0","1.0","1.0","1.0","schooling","3.78","none",5.05257815836263,0.0808503759301906,0.851724865175762,NA,NA,NA,2.85714285714286,0,0
"95","Actinopterygii","Myctophiformes","Myctophidae","Lobianchia gemellarii","mesopelagic","oceanic","1.0","diel_yes","0.0","refuge_no","1.0","season_yes","fusiform",9.89,0,"0.0","1.0","1.0","1.0","schooling","3.0","none",4.78868605837173,0.0545898499854722,0.850185835356255,5.7415,14.15,5.1,4,0.1,0
"96","Actinopterygii","Myctophiformes","Myctophidae","Myctophum punctatum","mesopelagic","oceanic","1.0","diel_yes","0.0","refuge_no","1.0","season_yes","fusiform",11,0,"0.0","1.0","1.0","1.0","schooling","3.390000105","none",5.26346682974158,0.0842604324122009,0.840052571499898,NA,NA,NA,68.5185185185185,0,0
"97","Actinopterygii","Myctophiformes","Myctophidae","Notoscopelus kroyeri","mesopelagic","oceanic","1.0","diel_yes","0.0","refuge_no","NA","season_NA","fusiform",14.3,0,"0.0","1.0","1.0","1.0","schooling","3.17","none",6.25046550160721,0.0490769331693775,0.827485536438276,7.9,16.6,11.9,15.8,0,6.3
"98","Actinopterygii","Ophidiiformes","Aphyonidae","Barathronus parfaiti","bathypelagic","oceanic","NA","diel_UN","0.0","refuge_no","NA","season_NA","eel-like",10,0,"1.0","0.0","0.0","0.0","solitary","3.4","none",5.51114255394411,0,NA,NA,NA,NA,1.85185185185185,0,0
"99","Actinopterygii","Perciformes","Centrolophidae","Centrolophus niger","mesopelagic","oceanic","1.0","diel_yes","1.0","refuge_yes","NA","season_NA","fusiform",150,1,"0.0","0.0","0.0","1.0","schooling","3.92","potential",4.21282623849809,0.0392637426586238,0.798607587415024,NA,17.25,6.074,1.85185185185185,0,0
"100","Actinopterygii","Perciformes","Chiasmodontidae","Chiasmodon niger","bathypelagic","oceanic","1.0","diel_yes","0.0","refuge_no","NA","season_NA","elongated",25,1,"0.0","0.0","0.0","0.0","solitary","4.2","none",7.12672753263239,0.0396079535991368,0.835047279971112,NA,NA,56.89,9.5,1.7,1.6
"101","Actinopterygii","Perciformes","Gempylidae","Gempylus serpens","mesopelagic","oceanic","1.0","diel_yes","0.0","refuge_no","NA","season_NA","elongated",100,1,"0.0","0.0","1.0","1.0","solitary","4.35","minor commercial",16.0970077138305,0.0279241668153583,0.905049672081243,NA,NA,NA,5.2,2.224325603,0.5
"102","Actinopterygii","Perciformes","Gempylidae","Nealotus tripes","mesopelagic","oceanic","1.0","diel_yes","0.0","refuge_no","NA","season_NA","elongated",25,1,"0.0","0.0","1.0","0.0","solitary","4.2","subsistence fisheries",8.06902625820124,0.0470653940063948,0.860026405521185,NA,NA,NA,3,0,0.1
"103","Actinopterygii","Perciformes","Sparidae","Spondyliosoma cantharus","demersal","coastal","0.0","diel_no","1.0","refuge_yes","1.0","season_yes","fusiform",60,1,"0.0","1.0","1.0","0.0","schooling","3.34","commercial",2.88856809164636,0.0663142791092035,0.783087084371916,6.9,18.3,6.8,1.85185185185185,0,0
"104","Actinopterygii","Stomiiformes","Sternoptychidae","Maurolicus imperatorius","mesopelagic","oceanic","1.0","diel_yes","0.0","refuge_no","1.0","season_yes","compressiform",6.8,0,"0.0","0.0","1.0","0.0","schooling","3.1","none",1.62246179039301,0.123359182689342,0.832674483153061,NA,NA,NA,4.2,0.2,0.1
"105","Actinopterygii","Stomiiformes","Sternoptychidae","Sternoptyx obscura","mesopelagic","oceanic","1.0","diel_yes","0.0","refuge_no","0.0","season_no","compressiform",4.5,0,"0.0","0.0","1.0","0.0","solitary","3.3","none",1.59760858773949,0.130209556653056,0.768116527209641,2.85,10.7721,1.449,0.996677740863787,0,0
"106","Actinopterygii","Stomiiformes","Stomiidae","Photonectes margarita","mesopelagic","oceanic","1.0","diel_yes","0.0","refuge_no","0.0","season_no","elongated",39.6,0,"0.0","1.0","0.0","0.0","solitary","4.03","none",11.7264117647059,0.0231319612003739,0.782583977513473,NA,NA,NA,0,0,0
"107","Gastropoda","Caenogastropoda","Epitoniodea","Janthina exigua","epipelagic","oceanic","0.0","diel_no","0.0","refuge_no","0.0","season_no","globiform",1.53,1,"0.0","0.0","0.0","0.0","solitary","NA","none",1.12403943743132,0,0,NA,NA,NA,5.71428571428571,0,0
"108","Gastropoda","Littorinimorpha","Atlantidae","Atlanta peronii","epipelagic","oceanic","1.0","diel_yes","0.0","refuge_no","0.0","season_no","compressiform",1.1,1,"1.0","0.0","0.0","0.0","solitary","3.4","none",1.60585905475616,0.0559896299204382,NA,NA,NA,NA,1.85185185185185,0,0
"109","Gastropoda","Littorinimorpha","Carinariidae","Carinaria lamarckii","epipelagic","oceanic","NA","diel_UN","0.0","refuge_no","NA","season_NA","fusiform",11.5,1,"1.0","0.0","0.0","0.0","solitary","NA","none",4.27872275311848,0,1,NA,NA,NA,34.2857142857143,0,0
"110","Cephalopoda","Octopoda","Argonautidae","Argonauta nouryi","epipelagic","oceanic","0.0","diel_no","0.0","refuge_no","NA","season_NA","compressiform",17.4,1,"0.0","1.0","0.0","0.0","schooling","3.44","none",NA,NA,NA,NA,NA,NA,0.5,0.1,0
"111","Actinopterygii","Tetraodontiformes","Ostraciidae","Lactoria diaphana","demersal","reef-associated","NA","diel_UN","1.0","refuge_yes","1.0","season_yes","globiform",34,1,"0.0","1.0","0.0","0.0","solitary","3.3","none",3.13195532473199,0.0822589433865605,0.82005976021664,NA,NA,NA,0.3,0.04732607667,0
"112","Actinopterygii","Gadiformes","Gadidae","Micromesistius poutassou","mesopelagic","oceanic","1.0","diel_yes","0.0","refuge_no","1.0","season_yes","fusiform",55.5,0,"0.0","0.0","1.0","1.0","schooling","4.13","highly commercial",5.85376539042061,0.0598651604979582,0.834431124928461,4.65,16.75,2.7,72.4,4.5,68.5
"113","Actinopterygii","Perciformes","Carangidae","Selene setapinnis","demersal","coastal","NA","diel_UN","0.0","refuge_no","0.0","season_no","compressiform",60,1,"0.0","0.0","1.0","0.0","schooling","3.72","highly commercial",1.91948270710868,0.0734859333084277,0.726997409054857,NA,NA,NA,3,0,0
"114","Actinopterygii","Perciformes","Bramidae","Brama brama","epipelagic","oceanic","1.0","diel_yes","0.0","refuge_no","1.0","season_yes","compressiform",100,0,"0.0","0.0","1.0","1.0","schooling","4.08","commercial",2.83664382008211,0.0478158503032996,0.757359497010879,NA,NA,NA,0,0,0
"115","Actinopterygii","Perciformes","Sparidae","Diplodus sargus","demersal","reef-associated","0.0","diel_no","1.0","refuge_yes","1.0","season_yes","fusiform",45,1,"0.0","1.0","1.0","0.0","schooling","3.38","minor commercial",2.63511927228258,0.0749142729997986,0.775717974240165,NA,18.7,2.01,2.85714285714286,0,0
"116","Cephalopoda","Octopoda","Eledonidae","Eledone cirrhosa","benthic","continental shelf","1.0","diel_yes","1.0","refuge_yes","1.0","season_yes","fusiform",55,0,"0.0","1.0","0.0","0.0","solitary","3.7","highly commercial",4.53636848852893,0.036985363042043,0.298527350690224,4.7,16.2,2.8,8,0.16,0
"117","Actinopterygii","Perciformes","Carangidae","Trachurus japonicus","epipelagic","coastal","1.0","diel_yes","0.0","refuge_no","1.0","season_yes","fusiform",50,1,"0.0","0.0","1.0","1.0","schooling","3.4","highly commercial",4.57398775069812,0.0596583144287862,0.776671211645172,5.64,3.71,21.41,5.6,0.8,13.9
"118","Cephalopoda","Oegopsida","Ommastrephidae","Dosidicus gigas","mesopelagic","oceanic","1.0","diel_yes","0.0","refuge_no","1.0","season_yes","fusiform",400,0,"0.0","0.0","0.0","0.0","shoaling","4.15","commercial",6.12184249318679,0.0326599143341147,0.583018236731316,5.3945,14.5,0.366666666666667,1.16279069767442,0.1,3.35083892821894
"119","Actinopterygii","Perciformes","Sparidae","Boops boops","demersal","continental shelf","1.0","diel_yes","0.0","refuge_no","1.0","season_yes","fusiform",40,1,"0.0","1.0","1.0","1.0","schooling","2.79","highly commercial",4.6049216738429,0.0729212876457039,0.817281480481137,8,19.8,5.8,11.1111111111111,0,0
"120","Actinopterygii","Perciformes","Nomeidae","Psenes pellucidus","epipelagic","oceanic","NA","diel_UN","1.0","refuge_yes","NA","season_NA","compressiform",80,1,"1.0","0.0","1.0","0.0","shoaling","3.85","commercial",3.04468773163937,0.0760476379354802,0.713196856621047,NA,NA,NA,3,0,0
"121","Actinopterygii","Myctophiformes","Myctophidae","Diaphus theta","mesopelagic","oceanic","1.0","diel_yes","0.0","refuge_no","1.0","season_yes","fusiform",11.4,0,"0.0","1.0","1.0","1.0","schooling","3.19","none",5.15876325040132,0.0696944354281764,0.778387809129909,9.234,11.7093333333333,11.5583333333333,5.6,9.8,0.2
"122","Actinopterygii","Myctophiformes","Myctophidae","Ceratoscopelus townsendi","mesopelagic","oceanic","1.0","diel_yes","0.0","refuge_no","0.0","season_no","fusiform",18.4,0,"0.0","1.0","1.0","1.0","schooling","3.5","none",5.81498036971857,0.0788866667037566,0.771725736829658,7.15666666666667,9.2,11.1666666666667,7.7,0.6,0
"123","Actinopterygii","Stomiiformes","Phosichthyidae","Vinciguerria lucetia","mesopelagic","oceanic","1.0","diel_yes","0.0","refuge_no","1.0","season_yes","elongated",8,0,"0.0","0.0","1.0","1.0","schooling","3.2","none",5.53218303463821,0.059529623388583,0.828798376516937,5.175,NA,NA,20.1,0.1,4.95
"124","Actinopterygii","Perciformes","Scombridae","Scomber japonicus","epipelagic","continental shelf","1.0","diel_yes","0.0","refuge_no","1.0","season_yes","fusiform",64,1,"0.0","1.0","1.0","1.0","schooling","3.38","highly commercial",5.27648163329221,0.054908579464867,0.847507569658184,6.7735,19.81,7.9325,3,0.306044376434583,0.00609243441494352
"125","Actinopterygii","Scorpaeniformes","Agonidae","Bathyagonus pentacanthus","demersal","continental shelf","0.0","diel_no","1.0","refuge_yes","NA","season_NA","elongated",23,1,"0.0","0.0","0.0","1.0","solitary","3.2","none",10.6982645836794,0.0476063468486023,0.89496442103633,NA,NA,NA,0,0,0
"126","Actinopterygii","Stephanoberyciformes","Melamphaidae","Melamphaes lugubris","mesopelagic","oceanic","1.0","diel_yes","0.0","refuge_no","NA","season_NA","fusiform",16,1,"0.0","0.0","0.0","0.0","NA","3.8","none",3.87529859015112,0.0493375085547272,0.862962955258983,15.27,10.2,32.3,5.9,1.1,0
"127","Actinopterygii","Scorpaeniformes","Sebastidae","Sebastes helvomaculatus","demersal","continental shelf","1.0","diel_yes","1.0","refuge_yes","1.0","season_yes","fusiform",41,1,"0.0","1.0","0.0","1.0","shoaling","3.7","recreational",3.67718121552379,0.0887188039965689,0.812776151928417,NA,NA,NA,0,0,0
"128","Actinopterygii","Clupeiformes","Clupeidae","Sardinella aurita","epipelagic","coastal","1.0","diel_yes","0.0","refuge_no","1.0","season_yes","fusiform",36,0,"0.0","0.0","1.0","1.0","schooling","3.4","highly commercial",5.27966750641171,0.0478082696597609,0.815625378346048,5.64,19.85125,7.155,0.8620689655,0.86,0.86
"129","Actinopterygii","Perciformes","Carangidae","Trachurus symmetricus","epipelagic","oceanic","1.0","diel_yes","0.0","refuge_no","1.0","season_yes","fusiform",81,1,"0.0","0.0","1.0","1.0","schooling","3.57","commercial",5.30219415600652,0.0577646710368977,0.801525786105415,6.4,NA,6.4,40.6976744186046,13.6954858454476,27.5378035555447
"130","Cephalopoda","Oegopsida","Chiroteuthidae","Chiroteuthis veranii","mesopelagic","oceanic","1.0","diel_yes","0.0","refuge_no","NA","season_NA","elongated",130,0,"0.0","1.0","0.0","0.0","shoaling","4.04","none",11.6644740226409,0.0586785201725694,0.271312387273858,NA,NA,1.2,36.06,8.69,0
"131","Actinopterygii","Scorpaeniformes","Sebastidae","Sebastes zacentrus","demersal","continental shelf","1.0","diel_yes","1.0","refuge_yes","1.0","season_yes","fusiform",45,1,"0.0","1.0","0.0","0.0","shoaling","3.7","recreational",3.50502083253311,0.0833197204195825,0.819017038602922,NA,NA,NA,0,0,0
"132","Actinopterygii","Myctophiformes","Myctophidae","Stenobrachius leucopsarus","mesopelagic","oceanic","1.0","diel_yes","0.0","refuge_no","NA","season_NA","fusiform",13,0,"0.0","1.0","1.0","1.0","schooling","3.1","none",5.64555456520043,0.0655351293399513,0.781457705446176,8.7608,11.1755,16.264924625,7.6,0.2,0.2
"133","Actinopterygii","Myctophiformes","Myctophidae","Triphoturus mexicanus","mesopelagic","oceanic","1.0","diel_yes","0.0","refuge_no","1.0","season_yes","fusiform",7.5,0,"0.0","1.0","1.0","1.0","schooling","3.33","none",5.7750810354473,0.0596396598199934,0.840212201732717,6.99,8.8,12.6166666666667,6.97674418604651,0.459066564651875,0.000609243441494352
"134","Actinopterygii","Perciformes","Tetragonuridae","Tetragonurus atlanticus","mesopelagic","oceanic","1.0","diel_yes","0.0","refuge_no","1.0","season_yes","elongated",50,1,"0.0","0.0","0.0","0.0","shoaling","3.64","of no interest",7.24017278915502,0.0483869077256095,0.847811199607507,NA,NA,NA,14.2857142857143,0,0
"135","Actinopterygii","Perciformes","Kyphosidae","Medialuna californiensis","demersal","reef-associated","0.0","diel_no","1.0","refuge_yes","1.0","season_yes","fusiform",48,1,"0.0","1.0","1.0","1.0","schooling","2.67","none",3.08840717440099,0.0498449029907888,0.803649579721794,NA,19.8,NA,1.16279069767442,0.0765110941086457,0.000609243441494352
"136","Actinopterygii","Perciformes","Carangidae","Trachinotus ovatus","epipelagic","coastal","0.0","diel_no","0.0","refuge_no","1.0","season_yes","fusiform",70,1,"0.0","0.0","1.0","0.0","schooling","3.73","minor commercial",3.41657197942979,0.0867147442540671,0.713113471899246,NA,17.27,10.31,1.85185185185185,0,0
"137","Actinopterygii","Atheriniformes","Atherinidae","Atherinopsis californiensis","epipelagic","coastal","0.0","diel_no","0.0","refuge_no","1.0","season_yes","elongated",45,1,"0.0","0.0","1.0","1.0","schooling","2.33","commercial",6.09838378126636,0.0363555883334569,0.82531001977582,NA,NA,1.484,0,0,0
"138","Actinopterygii","Perciformes","Centrolophidae","Icichthys lockingtoni","epipelagic","oceanic","1.0","diel_yes","1.0","refuge_yes","NA","season_NA","fusiform",46,1,"1.0","0.0","0.0","0.0","shoaling","3.71","none",3.54899162799449,0.0656944011878248,0.795002498249248,NA,NA,NA,1,0,0
"139","Actinopterygii","Stomiiformes","Sternoptychidae","Maurolicus muelleri","mesopelagic","continental shelf","1.0","diel_yes","0.0","refuge_no","1.0","season_yes","elongated",8,0,"0.0","0.0","1.0","0.0","schooling","3.01","minor commercial",5.03513221969598,0.0826074375229732,0.83924115783412,4.097,13.6,9.6,85.7142857142857,78.5,24.6
"140","Actinopterygii","Clupeiformes","Engraulidae","Engraulis japonicus","epipelagic","coastal","1.0","diel_yes","0.0","refuge_no","1.0","season_yes","elongated",18,0,"0.0","1.0","1.0","1.0","schooling","3.14","highly commercial",6.26684961558926,0.0537760888707213,0.843716614900789,5.415,18.3,7.7,85.4,52.8,95.2
"141","Actinopterygii","Gadiformes","Lotidae","Gaidropsarus vulgaris","demersal","continental shelf","0.0","diel_no","1.0","refuge_yes","0.0","season_no","elongated",65,0,"0.0","1.0","0.0","1.0","solitary","3.47","minor commercial",6.4651481241763,0.024239527685904,0.855757068784669,5.5,17.2,2.6,8,0,0
"142","Actinopterygii","Myctophiformes","Myctophidae","Nannobrachium regale","mesopelagic","oceanic","1.0","diel_yes","0.0","refuge_no","1.0","season_yes","fusiform",21,0,"0.0","1.0","1.0","1.0","schooling","3.2","none",5.85569241330535,0.0418980138519684,0.875994838700788,7.6,11.8,12.1,0.996677740863787,0,0
"143","Actinopterygii","Pleuronectiformes","Pleuronectidae","Pleuronichthys decurrens","demersal","continental shelf","0.0","diel_no","1.0","refuge_yes","NA","season_NA","depressiform",37,0,"0.0","1.0","0.0","0.0","solitary","3.85","minor commercial",2.17992144497205,0.0653012604649287,0.746755950455122,NA,NA,NA,33.33333333,0,0
"144","Actinopterygii","Perciformes","Tetragonuridae","Tetragonurus cuvieri","mesopelagic","oceanic","1.0","diel_yes","0.0","refuge_no","1.0","season_yes","elongated",70,1,"0.0","0.0","0.0","0.0","shoaling","3.78","none",7.03038592298802,0.033169196394893,0.864974547475142,NA,NA,NA,0.6,0.14197823,0
"145","Actinopterygii","Scorpaeniformes","Sebastidae","Sebastes miniatus","demersal","reef-associated","1.0","diel_yes","1.0","refuge_yes","NA","season_NA","fusiform",91,1,"0.0","1.0","0.0","0.0","shoaling","3.9","minor commercial",3.1598513936562,0.0647942449902524,0.785346652195021,NA,NA,NA,0,0,0
"146","Actinopterygii","Myctophiformes","Myctophidae","Tarletonbeania crenularis","mesopelagic","oceanic","1.0","diel_yes","0.0","refuge_no","NA","season_NA","fusiform",12.7,0,"0.0","1.0","1.0","1.0","schooling","3.13","none",5.1341670180892,0.0655478664524842,0.820391900815025,4.46,13.779,3.2,100,5.4,0
"147","Actinopterygii","Beloniformes","Belonidae","Belone belone","epipelagic","coastal","0.0","diel_no","0.0","refuge_no","1.0","season_yes","elongated",103.5,0,"0.0","0.0","1.0","1.0","schooling","4.16","commercial",16.6221510919748,0.0222358496041477,0.882398975225071,6.2,20.1,2.9,8.7,0,7.1
"148","Actinopterygii","Clupeiformes","Clupeidae","Sardina pilchardus","epipelagic","coastal","1.0","diel_yes","0.0","refuge_no","1.0","season_yes","fusiform",27.5,0,"0.0","0.0","1.0","1.0","schooling","3.06","highly commercial",5.52412749794924,0.0494582661192675,0.815914191662073,7.365,17.8,11.7,3.4,5.8,7.68
"149","Actinopterygii","Perciformes","Carangidae","Trachurus trachurus","epipelagic","coastal","1.0","diel_yes","0.0","refuge_no","1.0","season_yes","fusiform",70,1,"0.0","0.0","1.0","1.0","schooling","3.71","highly commercial",4.8924695405584,0.0638402681199028,0.821448199078749,6.34333333333333,18.9,3.05,43,28.1,42.4
"150","Actinopterygii","Perciformes","Gobiidae","Rhinogobiops nicholsii","benthic","continental shelf","0.0","diel_no","1.0","refuge_yes","1.0","season_yes","elongated",15,1,"0.0","1.0","0.0","0.0","shoaling","3.369999886","none",5.61690913542632,0.0534081222517407,0.793358591426083,NA,NA,NA,0,0,0
"151","Actinopterygii","Stomiiformes","Stomiidae","Bathophilus flemingi","mesopelagic","oceanic","1.0","diel_yes","0.0","refuge_no","NA","season_NA","elongated",16,0,"0.0","1.0","0.0","0.0","solitary","3.5","none",8.63390629331855,0.0230372481335795,0.913341896122662,NA,NA,NA,0.5,0.1,0
"152","Cephalopoda","Vampyromorpha","Vampyroteuthidae","Vampyroteuthis infernalis","mesopelagic","oceanic","1.0","diel_yes","0.0","refuge_no","0.0","season_no","globiform",30,0,"0.0","0.0","0.0","0.0","solitary","3.47","none",4.15852949529725,0.0516419598155347,0.414939715660567,NA,NA,NA,0.5,0.1,0
"153","Actinopterygii","Clupeiformes","Clupeidae","Clupea pallasii","epipelagic","coastal","1.0","diel_yes","0.0","refuge_no","1.0","season_yes","fusiform",46,0,"0.0","0.0","1.0","1.0","schooling","3.16","highly commercial",5.20221713727506,0.0561951864483175,0.825122567585587,NA,NA,NA,0,0,0
"154","Actinopterygii","Scorpaeniformes","Sebastidae","Sebastes maliger","demersal","reef-associated","NA","diel_UN","1.0","refuge_yes","1.0","season_yes","fusiform",61,1,"0.0","1.0","0.0","0.0","solitary","3.84","commercial",2.55847714890812,0.128268692801878,1.47079120826414,NA,NA,NA,0,0,0
"155","Actinopterygii","Argentiniformes","Bathylagidae","Leuroglossus stilbius","mesopelagic","oceanic","1.0","diel_yes","0.0","refuge_no","1.0","season_yes","fusiform",15,0,"0.0","0.0","1.0","1.0","schooling","3.26","none",6.35846921353883,0.0748245896814489,0.867001809269728,3.899,6.9,6.2,0.4,0.1,0
"156","Actinopterygii","Lampriformes","Trachipteridae","Desmodema polystictum","mesopelagic","oceanic","NA","diel_UN","0.0","refuge_no","NA","season_NA","eel-like",110,0,"0.0","1.0","1.0","1.0","solitary","4.15","commercial",8.33741098344183,0.0331874830787504,1,NA,NA,NA,0,0,0
"157","Actinopterygii","Aulopiformes","Chlorothalmidae","Chlorophthalmus agassizi","demersal","continental shelf","0.0","diel_no","0.0","refuge_no","1.0","season_yes","elongated",40,0,"0.0","1.0","1.0","0.0","schooling","3.66","minor commercial",6.81360990942104,0.108228867341122,0.82346975625736,4.43,22.34,0.53,2.85714285714286,0,0
"158","Actinopterygii","Scorpaeniformes","Sebastidae","Sebastes aleutianus","demersal","continental shelf","1.0","diel_yes","1.0","refuge_yes","1.0","season_yes","fusiform",97,1,"0.0","0.0","0.0","0.0","shoaling","3.52","commercial",3.44813167281453,0.066079419193207,0.816623068821829,NA,NA,NA,0,0,0
"159","Actinopterygii","Scorpaeniformes","Sebastidae","Sebastes brevispinis","demersal","continental shelf","0.0","diel_no","1.0","refuge_yes","1.0","season_yes","fusiform",71,1,"0.0","0.0","1.0","1.0","shoaling","3.8","commercial",3.74810972555259,0.0555220631499954,0.825567017191471,NA,NA,NA,1,0,0
"160","Actinopterygii","Scorpaeniformes","Sebastidae","Sebastes diploproa","demersal","continental shelf","0.0","diel_no","1.0","refuge_yes","1.0","season_yes","fusiform",46,1,"0.0","1.0","1.0","1.0","shoaling","3.7","minor commercial",3.20009858931128,0.096231285478705,0.821099034572286,2.9288,11.057,0.645,1,0,0
"161","Actinopterygii","Scorpaeniformes","Triglidae","Eutrigla gurnardus","demersal","continental shelf","0.0","diel_no","1.0","refuge_yes","1.0","season_yes","elongated",60,1,"0.0","1.0","1.0","1.0","shoaling","3.87","commercial",6.40572232260977,0.0602178177136664,0.821775902482851,NA,NA,1.55,4,0,0
"162","Actinopterygii","Pleuronectiformes","Bothidae","Arnoglossus imperialis","benthic","continental shelf","1.0","diel_yes","1.0","refuge_yes","1.0","season_yes","depressiform",25,0,"0.0","1.0","0.0","0.0","solitary","3.84","commercial",2.95439822313399,0.0599815112173624,0.843008555060385,5.4,18.8,1.8,24.0740740740741,0,0
"163","Actinopterygii","Gadiformes","Merlucciidae","Merluccius productus","demersal","continental shelf","1.0","diel_yes","0.0","refuge_no","1.0","season_yes","elongated",91,0,"0.0","0.0","1.0","1.0","schooling","4.35","highly commercial",6.49748619084254,0.0486430765926478,0.837947923926827,4.07112,14.6226,1.859,100,19,30
"164","Actinopterygii","Osmeriformes","Osmeridae","Thaleichthys pacificus","epipelagic","coastal","1.0","diel_yes","0.0","refuge_no","1.0","season_yes","elongated",34,0,"0.0","0.0","1.0","1.0","schooling","3.25","commercial",6.51127522425103,0.0309252386581621,0.809484301403514,10.2853488372093,12.2342553191489,17.2329824561404,33.33333333,0,0
"165","Actinopterygii","Scorpaeniformes","Sebastidae","Sebastes wilsoni","demersal","continental shelf","1.0","diel_yes","1.0","refuge_yes","1.0","season_yes","fusiform",23,1,"0.0","1.0","0.0","0.0","shoaling","3.6","recreational",4.25181965637455,0.0949185405562745,0.821857164149424,NA,NA,NA,1,0,0
"166","Actinopterygii","Aulopiformes","Paralepididae","Lestidiops ringens","mesopelagic","oceanic","1.0","diel_yes","0.0","refuge_no","NA","season_NA","elongated",21,0,"1.0","0.0","1.0","0.0","schooling","4.05","none",10.9266963783864,0.0387212899111857,0.924875956471755,NA,NA,NA,4,0,0
"167","Actinopterygii","Pleuronectiformes","Paralichthyidae","Citharichthys sordidus","demersal","continental shelf","1.0","diel_yes","1.0","refuge_yes","1.0","season_yes","depressiform",41,0,"0.0","1.0","0.0","0.0","solitary","3.46","commercial",2.93052140880576,0.0699994338679431,0.837175390427177,3.47,17,11.8666666666667,0,0,0
"168","Actinopterygii","Scorpaeniformes","Sebastidae","Sebastes proriger","demersal","continental shelf","0.0","diel_no","1.0","refuge_yes","1.0","season_yes","fusiform",61,1,"0.0","1.0","1.0","1.0","shoaling","3.8","commercial",3.98091485544002,0.0736096758688669,0.813559216125657,NA,NA,NA,1,0,0
"169","Actinopterygii","Scorpaeniformes","Gonatidae","Helicolenus dactylopterus","demersal","continental shelf","NA","diel_UN","1.0","refuge_yes","1.0","season_yes","fusiform",50,1,"0.0","1.0","0.0","0.0","schooling","3.54","commercial",3.54761376551636,0.0866750693526003,0.796634072240436,6.36,19.225,6.51,16,0,0
"170","Actinopterygii","Lampriformes","Trachipteridae","Trachipterus trachypterus","mesopelagic","oceanic","NA","diel_UN","0.0","refuge_no","NA","season_NA","eel-like",300,0,"1.0","1.0","1.0","0.0","solitary","2.88","minor commercial",7.87153747452638,0.0243140692848239,0.867575305124447,NA,NA,NA,0,0,0
"171","Actinopterygii","Pleuronectiformes","Pleutonectidae","Microstomus pacificus","demersal","continental shelf","1.0","diel_yes","1.0","refuge_yes","1.0","season_yes","depressiform",76,0,"0.0","1.0","0.0","0.0","shoaling","3.22","minor commercial",3.33606856229464,0.0486218254940133,0.828591254800021,3.145,12.96,2.71746666666667,0,0,0
"172","Actinopterygii","Pleutonectiformes","Pleuronectidae","Glyptocephalus zachirus","demersal","continental shelf","0.0","diel_no","1.0","refuge_yes","1.0","season_yes","depressiform",60,0,"0.0","1.0","0.0","0.0","solitary","3.25","commercial",3.2163878553716,0.0509482465071595,0.816510145473304,2.7235,12.89625,0.877333333333333,0,0,0
"173","Actinopterygii","Ophidiiformes","Ophdiidae","Chilara taylori","demersal","continental shelf","NA","diel_UN","1.0","refuge_yes","NA","season_NA","eel-like",40.4,0,"0.0","1.0","0.0","0.0","solitary","4.07","none",6.88167236075799,0.0412058946597092,1,3.39,NA,NA,0,0,0
"174","Actinopterygii","Scorpaeniformes","Anoplopomatidae","Anoplopoma fimbria","demersal","continental shelf","1.0","diel_yes","1.0","refuge_yes","1.0","season_yes","fusiform",120,1,"0.0","1.0","0.0","0.0","solitary","3.84","highly commercial",5.49404925178233,0.0257709118576891,0.849833637963547,5.28055,11.1868571428571,7.8175,33.33333333,0,0
"175","Actinopterygii","Perciformes","Anarhichadidae","Anarrhichthys ocellatus","demersal","continental shelf","0.0","diel_no","1.0","refuge_yes","0.0","season_no","eel-like",240,1,"0.0","1.0","0.0","0.0","solitary","3.51","minor commercial",9.95801472670632,0.016591182179499,0,NA,NA,NA,33.33333333,0,0
"176","Actinopterygii","Perciformes","Coryphaenidae","Coryphaena hippurus","epipelagic","oceanic","0.0","diel_no","0.0","refuge_no","1.0","season_yes","elongated",210,0,"0.0","1.0","1.0","1.0","schooling","4.37","highly commercial",5.51641012123528,0.0235684456096152,0.780066691479545,NA,NA,NA,0.3,0.04732607667,0
"177","Actinopterygii","Perciformes","Nomeidae","Cubiceps gracilis","epipelagic","oceanic","NA","diel_UN","1.0","refuge_yes","1.0","season_yes","fusiform",107,0,"0.0","0.0","1.0","0.0","shoaling","3.4","none",4.70501050417852,0.0648165101356274,0.796390424852737,3.809,NA,18.9,10,0,0
"178","Actinopterygii","Aulopiformes","Anotopteridae","Anotopterus nikparini","bathypelagic","oceanic","NA","diel_UN","0.0","refuge_no","1.0","season_yes","elongated",146,0,"0.0","0.0","1.0","1.0","solitary","4.5","none",14.4544897925629,0.019153685579617,0.937415037925359,NA,NA,NA,1,0,0
"179","Actinopterygii","Aulopiformes","Paralepididae","Macroparalepis affinis","mesopelagic","oceanic","1.0","diel_yes","0.0","refuge_no","NA","season_NA","elongated",55,0,"1.0","0.0","1.0","0.0","schooling","4.1","none",16.7569898991592,0.0290059908698257,0.950882935761352,NA,NA,NA,4,0,0
"180","Actinopterygii","Aulopiformes","Paralepididae","Sudis hyalina","mesopelagic","oceanic","NA","diel_UN","0.0","refuge_no","1.0","season_yes","elongated",100,0,"1.0","0.0","1.0","0.0","schooling","4.2","none",9.59635272287898,0.0451398212789234,0.880258498623057,NA,NA,NA,0.8620689655,0.43,0.82
"181","Actinopterygii","Beloniformes","Belonidae","Strongylura exilis","epipelagic","coastal","NA","diel_UN","0.0","refuge_no","1.0","season_yes","elongated",91,0,"0.0","0.0","1.0","1.0","schooling","4.5","minor commercial",18.1076610441128,0.0256648342771058,0.903840389806804,NA,NA,NA,0.996677740863787,0,0
"182","Actinopterygii","Perciformes","Blenniidae","Blennius ocellaris","benthic","continental shelf","0.0","diel_no","1.0","refuge_yes","NA","season_NA","elongated",20,1,"0.0","1.0","0.0","0.0","solitary","3.49","minor commercial",4.27898298111615,0.128342694057521,0.794358354390595,NA,NA,NA,5.55555555555556,0,0
"183","Actinopterygii","Perciformes","Bramidae","Brama orcini","epipelagic","continental shelf","1.0","diel_yes","0.0","refuge_no","1.0","season_yes","compressiform",42,0,"0.0","0.0","1.0","1.0","schooling","3.9","minor commercial",2.65651997711393,0.0628232329953204,0.692844722207276,NA,NA,NA,3,0.4732607667,0
"184","Actinopterygii","Perciformes","Caproidae","Antigonia capros","demersal","continental shelf","NA","diel_UN","0.0","refuge_no","NA","season_NA","compressiform",30.5,1,"0.0","0.0","1.0","0.0","shoaling","4.05","minor commercial",1.12770537703403,0.0968418878724362,0.754523587756125,6.59,15.95,2.16,3,0,0
"185","Actinopterygii","Perciformes","Caproidae","Capros aper","demersal","continental shelf","NA","diel_UN","1.0","refuge_yes","NA","season_NA","compressiform",30,1,"0.0","0.0","1.0","0.0","schooling","3.14","of no interest",2.2884468276774,0.114707019421275,0.761140992517296,6.2,17.2,4.8,14.2857142857143,0.22,0.06
"186","Actinopterygii","Perciformes","Embiotocidae","Cymatogaster aggregata","demersal","coastal","0.0","diel_no","1.0","refuge_yes","1.0","season_yes","compressiform",20.3,1,"0.0","1.0","1.0","0.0","shoaling","2.99","minor commercial",3.15000114304272,0.0738456376905071,0.796069697673337,4.68,13.7,2.50842105263158,0.5,0.1,0
"187","Actinopterygii","Perciformes","Labridae","Halichoeres nicholsi","demersal","reef-associated","0.0","diel_no","1.0","refuge_yes","0.0","season_no","fusiform",38,1,"0.0","1.0","0.0","0.0","solitary","4.0","none",3.41979947279233,0.0277324102424729,0.796787526077235,NA,NA,NA,0,0,0
"188","Actinopterygii","Scorpaeniformes","Peristediidae","Peristedion gracile","demersal","continental shelf","NA","diel_UN","1.0","refuge_yes","NA","season_NA","fusiform",20,1,"0.0","1.0","0.0","0.0","NA","3.4","none",7.00831660987058,0.0661433652812038,0.858836449279762,NA,NA,NA,3,0,0
"189","Actinopterygii","Stephanoberyciformes","Melamphaidae","Scopelogadus bispinosus","mesopelagic","oceanic","1.0","diel_yes","0.0","refuge_no","0.0","season_no","fusiform",11,1,"0.0","1.0","1.0","1.0","NA","3.5","none",3.85897411764706,0.0443592445172871,0.792700772652774,NA,NA,NA,NA,NA,NA
"190","Actinopterygii","Stomiiformes","Sternoptychidae","Argyropelecus olfersii","mesopelagic","oceanic","1.0","diel_yes","0.0","refuge_no","NA","season_NA","compressiform",11,1,"0.0","0.0","1.0","0.0","NA","3.36","none",1.97490772453378,0.0879693791807599,0.759731568098875,3.5,14.8,1.3,100,0,0
"191","Actinopterygii","Stomiiformes","Stomiidae","Melanostomias valdiviae","mesopelagic","oceanic","1.0","diel_yes","0.0","refuge_no","0.0","season_no","elongated",24.1,0,"0.0","1.0","0.0","0.0","solitary","4.2","none",8.47931829038694,0.0198837793099334,0.915505536804047,NA,NA,NA,0,0,0
"192","Actinopterygii","Sygnathiformes","Centriscidae","Macroramphosus scolopax","demersal","continental shelf","1.0","diel_yes","1.0","refuge_yes","1.0","season_yes","compressiform",20,1,"0.0","0.0","1.0","1.0","schooling","3.47","commercial",4.17374262668894,0.0748579500793388,0.864082841873616,4.407,NA,NA,30,0,0.07
"193","Actinopterygii","Syngnathiformes","Syngnathidae","Entelurus aequoreus","demersal","continental shelf","0.0","diel_no","1.0","refuge_yes","1.0","season_yes","eel-like",60,0,"0.0","1.0","0.0","0.0","solitary","3.539999962","none",43.6346062047949,0.011636577001968,1,4.7,14.7,1.9,41,0,35
"194","Actinopterygii","Syngnathiformes","Syngnathidae","Syngnathus californiensis","demersal","reef-associated","NA","diel_UN","1.0","refuge_yes","1.0","season_yes","eel-like",50,0,"0.0","0.0","0.0","0.0","solitary","3.37","none",34.5803593403889,0.00678291814946619,1,NA,NA,NA,1,0,0
"195","Branchiopoda","Onychopoda","Podonidae","Pseudevadne tergestina","epipelagic","oceanic","0.0","diel_no","0.0","refuge_no","0.0","season_no","globiform",0.1,0,"1.0","0.0","0.0","0.0","schooling","NA","none",Inf,0.0949881937048882,0,NA,NA,NA,NA,NA,NA
"196","Cephalopoda","Octopoda","Amphitretidae","Japetella diaphana","mesopelagic","oceanic","1.0","diel_yes","0.0","refuge_no","NA","season_NA","globiform",16,0,"1.0","1.0","0.0","0.0","solitary","3.58","none",2.41709492497973,0.0766530196669182,0.61086806725147,NA,NA,NA,4.8,1,2.1
"197","Cephalopoda","Octopoda","Octopodidae","Octopus bimaculatus","benthic","reef-associated","0.0","diel_no","1.0","refuge_yes","NA","season_NA","fusiform",61,0,"0.0","1.0","0.0","0.0","solitary","3.44","none",4.44408165922352,0.0544349539609095,0.269818757528046,NA,NA,NA,15.9,1.8362662586075,0.182773032448306
"198","Cephalopoda","Octopoda","Tremoctopodidae","Tremoctopus violaceus","epipelagic","oceanic","NA","diel_UN","0.0","refuge_no","1.0","season_yes","unique",100,0,"0.0","0.0","0.0","0.0","solitary","NA","none",6.49987429003084,0.0462089931268043,0.209050599127472,NA,NA,NA,21.31,7.42,0
"199","Cephalopoda","Oegopsida","Ocythoidae","Ocythoe tuberculata","epipelagic","oceanic","0.0","diel_no","0.0","refuge_no","1.0","season_yes","fusiform",96,0,"0.0","1.0","0.0","0.0","solitary","NA","none",4.32431861565924,0.0367497032079742,0.328540792686309,NA,NA,NA,17.2,0.7,0.6
"200","Hexanauplia","Calanoida","Calanidae","Calanus finmarchicus","epipelagic","oceanic","1.0","diel_yes","0.0","refuge_no","1.0","season_yes","fusiform",0.4,1,"1.0","0.0","0.0","0.0","schooling","2.37","none",4.41728752798318,0,0.677102832890904,6.36,11,7.96,3.7037037037037,0,0
"201","Hexanauplia","Calanoida","Calanidae","Cosmocalanus darwinii darwinii","epipelagic","continental shelf","1.0","diel_yes","0.0","refuge_no","1.0","season_yes","fusiform",0.258,1,"0.0","0.0","0.0","0.0","schooling","NA","none",NA,NA,NA,NA,NA,NA,NA,NA,NA
"202","Hexanauplia","Calanoida","Clausocalanidae","Clausocalanus furcatus","epipelagic","continental shelf","1.0","diel_yes","0.0","refuge_no","0.0","season_no","fusiform",0.16,1,"1.0","0.0","0.0","0.0","schooling","NA","none",4.03446365232285,0,0.673972171989902,NA,NA,NA,NA,NA,NA
"203","Hexanauplia","Cyclopoida","Corycaeidae","Farranula gibbula","epipelagic","continental shelf","1.0","diel_yes","0.0","refuge_no","1.0","season_yes","fusiform",0.11,1,"0.0","0.0","0.0","0.0","schooling","NA","none",3.77559603155814,0.076180969174325,0.789886783462311,NA,NA,NA,NA,NA,NA
"204","Malacostraca","Amphipoda","Brachyscelidae","Brachyscelus crusculum","epipelagic","continental shelf","1.0","diel_yes","0.0","refuge_no","0.0","season_no","fusiform",0.21,1,"0.0","0.0","0.0","0.0","schooling","NA","none",4.25470332127997,0.117075714794915,0.778255217418605,NA,NA,NA,92.5925925925926,6.2,2.2
"205","Malacostraca","Amphipoda","Brachyscelidae","Brachyscelus macrocephalus","epipelagic","continental shelf","1.0","diel_yes","0.0","refuge_no","NA","season_NA","fusiform",0.5,1,"0.0","0.0","0.0","0.0","schooling","NA","none",NA,NA,NA,NA,NA,NA,0,0,0
"206","Malacostraca","Amphipoda","Eupronoidae","Parapronoe crustulum","epipelagic","continental shelf","1.0","diel_yes","0.0","refuge_no","0.0","season_no","fusiform",2,1,"0.0","0.0","0.0","0.0","schooling","NA","none",NA,NA,NA,NA,NA,NA,1.5,0.2,0.1
"207","Malacostraca","Amphipoda","Hyperiidae","Hyperia galba","epipelagic","oceanic","1.0","diel_yes","1.0","refuge_yes","1.0","season_yes","fusiform",1.2,1,"0.0","1.0","0.0","0.0","schooling","NA","none",4.69329916751324,0.0968753927922142,0.753191106079826,1.9491,6.46725,1.9899,5.71428571428571,0,0
"208","Malacostraca","Amphipoda","Hyperiidae","Themisto gaudichaudii","epipelagic","oceanic","1.0","diel_yes","0.0","refuge_no","1.0","season_yes","fusiform",2.8,1,"0.0","0.0","0.0","0.0","schooling","3.96","none",6.25356215453494,0.0840376199812439,0.710987936277947,2.9935,7.5,2.4475,54.3,5.1,27.3
"209","Malacostraca","Amphipoda","Lanceolidae","Lanceola sayana","bathypelagic","oceanic","1.0","diel_yes","0.0","refuge_no","NA","season_NA","fusiform",4.2,1,"0.0","0.0","0.0","0.0","schooling","NA","none",5.06871091333009,0.0132677644501132,0.802402134627143,NA,NA,NA,1.85185185185185,0,0
"210","Malacostraca","Amphipoda","Oxyccephalidae","Leptocotis tenuirostris","epipelagic","oceanic","1.0","diel_yes","0.0","refuge_no","1.0","season_yes","elongated",0.9,1,"0.0","0.0","0.0","0.0","schooling","NA","none",6.21056671208793,0.0172819328361617,0.849778449289707,NA,NA,NA,2.1,0.1,0.1
"211","Malacostraca","Amphipoda","Oxyccephalidae","Streetsia challengeri","epipelagic","continental shelf","1.0","diel_yes","0.0","refuge_no","1.0","season_yes","elongated",4.9,1,"0.0","0.0","0.0","0.0","schooling","NA","none",9.18011155706689,0.0117965713139551,NA,NA,NA,NA,40,0.19,0.05
"212","Malacostraca","Amphipoda","Phrosinidae","Anchylomera blossevillei","epipelagic","continental shelf","1.0","diel_yes","0.0","refuge_no","1.0","season_yes","fusiform",1.1,1,"0.0","0.0","0.0","0.0","schooling","NA","none",NA,NA,NA,NA,NA,NA,4.2,1.65,3.3
"213","Malacostraca","Amphipoda","Phrosinidae","Phrosina semilunata","epipelagic","continental shelf","1.0","diel_yes","0.0","refuge_no","1.0","season_yes","globiform",3,1,"1.0","1.0","0.0","0.0","schooling","NA","none",NA,NA,NA,NA,NA,NA,65,4.2,6.5
"214","Malacostraca","Amphipoda","Phrosinidae","Primno macropa","epipelagic","oceanic","1.0","diel_yes","0.0","refuge_no","NA","season_NA","fusiform",2.1,1,"0.0","0.0","0.0","0.0","schooling","NA","none",3.70957175022018,0.0491267042457699,0.854280552124258,4.076,6.525,2.995,2.85714285714286,0.49,0.24
"215","Malacostraca","Amphipoda","Platyscelidae","Platyscelus armatus","epipelagic","continental shelf","1.0","diel_yes","0.0","refuge_no","NA","season_NA","globiform",1.6,1,"0.0","0.0","0.0","0.0","schooling","NA","none",3.10386403779342,0.109729688296038,0.855740099944753,NA,NA,NA,0,0,0
"216","Malacostraca","Amphipoda","Platyscelidae","Platyscelus ovoides","epipelagic","continental shelf","NA","diel_UN","0.0","refuge_no","NA","season_NA","globiform",2,1,"0.0","0.0","0.0","0.0","schooling","NA","none",NA,NA,NA,NA,NA,NA,9.25925925925926,1.1,1.3
"217","Malacostraca","Amphipoda","Platyscelidae","Platyscelus serratulus","epipelagic","continental shelf","1.0","diel_yes","0.0","refuge_no","1.0","season_yes","globiform",0.7,1,"0.0","0.0","0.0","0.0","schooling","NA","none",1.90921008077212,0.186856235473001,0.819778085013478,NA,NA,NA,1.85185185185185,0.06,0.08
"218","Malacostraca","Amphipoda","Vibiliidae","Vibilia gibbosa","epipelagic","continental shelf","1.0","diel_yes","0.0","refuge_no","0.0","season_no","fusiform",0.8,1,"0.0","0.0","0.0","0.0","schooling","NA","none",NA,NA,NA,NA,NA,NA,0.8620689655,0.24,0.05
"219","Malacostraca","Decapoda","Alpheidae","Alpheus glaber","benthic","coastal","1.0","diel_yes","1.0","refuge_yes","0.0","season_no","elongated",0.43,1,"0.0","0.0","0.0","0.0","shoaling","NA","none",5.77047205247166,0.0282400040246912,0.880318216897512,NA,NA,NA,11.1111111111111,0,0
"220","Malacostraca","Decapoda","Benthesicymidae","Gennadas elegans","demersal","continental shelf","1.0","diel_yes","0.0","refuge_no","0.0","season_no","elongated",4.5,1,"0.0","0.0","0.0","0.0","schooling","NA","none",7.52257060327305,0.0328718905848096,0.79198758295141,NA,NA,5.6,4,0,0
"221","Malacostraca","Decapoda","Munididae","Pleuroncodes planipes","demersal","continental shelf","1.0","diel_yes","1.0","refuge_yes","1.0","season_yes","unique",13,1,"0.0","0.0","0.0","0.0","schooling","2.88","commercial",2.74890108810733,0.0766958234643479,0.881384669985547,6.69166666666667,20.25,0.85,27.75,1.3,23.3
"222","Malacostraca","Decapoda","Palinuridae","Palinurus mauritanicus","benthic","continental shelf","0.0","diel_no","1.0","refuge_yes","1.0","season_yes","unique",75,1,"0.0","1.0","0.0","0.0","solitary","3.54","commercial",4.01477645492096,0.0330114041531213,0.849305753986266,NA,NA,NA,8,0,0
"223","Malacostraca","Decapoda","Pasiphaeidae","Parapasiphae sulcatifrons","mesopelagic","oceanic","1.0","diel_yes","0.0","refuge_no","NA","season_NA","elongated",9.89,1,"0.0","0.0","0.0","0.0","schooling","NA","none",6.55043095224812,0.0167285363984211,0.840108606565698,NA,NA,14.6,4,0,0
"224","Malacostraca","Decapoda","Scyllaridae","Scyllarus arctus","benthic","reef-associated","1.0","diel_yes","1.0","refuge_yes","1.0","season_yes","fusiform",16,1,"0.0","1.0","0.0","0.0","solitary","NA","minor commercial",3.76001132176856,0.0373931413000973,0.839270023685461,NA,NA,NA,20.7,0,4.1
"225","Malacostraca","Decapoda","Sergestidae","Eusergestes arcticus","demersal","continental shelf","1.0","diel_yes","1.0","refuge_yes","1.0","season_yes","elongated",1.4,1,"1.0","0.0","0.0","0.0","schooling","3.2","none",8.8580992758633,0.0309819418689772,0.820557585951111,NA,15.5,9.4,52,0,0
"226","Malacostraca","Decapoda","Sergestidae","Eusergestes similis","epipelagic","oceanic","1.0","diel_yes","0.0","refuge_no","1.0","season_yes","elongated",5.4,1,"1.0","0.0","0.0","0.0","schooling","NA","none",8.23421273219414,0.0250970751388895,0.832763026335911,NA,NA,NA,45,76.5,0
"227","Malacostraca","Euphausiacea","Euphausiidae","Euphausia pacifica","epipelagic","oceanic","1.0","diel_yes","0.0","refuge_no","0.0","season_no","elongated",2.5,1,"0.0","0.0","0.0","0.0","schooling","2.32","minor commercial",10.5898904840173,0.0600867421253654,0.839843473229237,NA,11.3078,2.53854210526316,38.9,43.1,0
"228","Malacostraca","Euphausiacea","Euphausiidae","Meganyctiphanes norvegica","epipelagic","continental shelf","1.0","diel_yes","0.0","refuge_no","1.0","season_yes","elongated",4,1,"1.0","0.0","0.0","0.0","schooling","2.97","commercial",10.4618702268278,0.0467019428692065,0.826092344196988,3.9,14.584,3.121,89.7,7.3,84.3
"229","Malacostraca","Euphausiacea","Euphausiidae","Nematoscelis megalops","epipelagic","continental shelf","1.0","diel_yes","0.0","refuge_no","1.0","season_yes","elongated",2.6,1,"1.0","0.0","0.0","0.0","schooling","NA","none",NA,NA,NA,NA,NA,2.0625,80,0.61,4.2
"230","Malacostraca","Euphausiacea","Euphausiidae","Nyctiphanes australis","epipelagic","coastal","1.0","diel_yes","0.0","refuge_no","1.0","season_yes","elongated",1.67,1,"0.0","0.0","0.0","0.0","schooling","NA","none",10.5048186765028,0.0424380305937707,0.830603351871416,3,NA,NA,27.9,0,20.4
"231","Malacostraca","Euphausiacea","Euphausiidae","Stylocheiron abbreviatum","epipelagic","coastal","0.0","diel_no","0.0","refuge_no","1.0","season_yes","elongated",1.6,1,"1.0","0.0","0.0","0.0","schooling","NA","none",8.26961922680291,0.0882143516693987,0.804455601057784,NA,NA,2.03,16.6666666666667,0,0
"232","Malacostraca","Lophogastrida","Gnathophausiidae","Neognathophausia gigas","bathypelagic","oceanic","1.0","diel_yes","0.0","refuge_no","NA","season_NA","fusiform",16.4,1,"0.0","0.0","0.0","0.0","schooling","NA","none",7.99294090772674,0.0194400902853572,0.811398022800213,NA,NA,NA,0.7,0.1,0
"233","Malacostraca","Lophogastrida","Gnathophausiidae","Neognathophausia ingens","bathypelagic","oceanic","NA","diel_UN","0.0","refuge_no","NA","season_NA","fusiform",35,1,"0.0","0.0","0.0","0.0","schooling","NA","none",5.63277432649128,0.0236396225153992,0.816645968239178,2.005,3.8679,4.05356666666667,11.1111111111111,0,0
"234","Malacostraca","Stomatopoda","Odontodactylidae","Odontodactylus hansenii","benthic","coastal","0.0","diel_no","1.0","refuge_yes","NA","season_NA","elongated",7.7,1,"0.0","1.0","0.0","0.0","solitary","NA","none",NA,NA,NA,NA,NA,NA,0.3,0.14197823,0
"235","Malacostraca","Stromatopoda","Protosquillidae","Echinosquilla guerinii","benthic","reef-associated","0.0","diel_no","1.0","refuge_yes","NA","season_NA","elongated",8.1,1,"0.0","0.0","0.0","0.0","shoaling","NA","none",5.05842312885701,0.040512385831237,0.765909652814434,NA,NA,NA,0.6,0.09465215334,0
"236","Malacostraca","Decapoda","Axiidae","Axius stirhynchus","benthic","coastal","NA","diel_UN","1.0","refuge_yes","NA","season_NA","elongated",0.21,1,"0.0","0.0","0.0","0.0","shoaling","NA","none",5.40001686237732,0.0153916311884278,0.841473690276954,NA,NA,NA,4,0,0
"237","Actinopterygii","Aulopiformes","Paralepididae","Paralepis speciosa","mesopelagic","oceanic","NA","diel_UN","0.0","refuge_no","NA","season_NA","elongated",NA,0,"1.0","0.0","1.0","0.0","schooling","3.15","none",9.41533838018793,0.0483594005680785,0.834346123854045,NA,NA,NA,0.8620689655,17.1,23.04
"238","Actinopterygii","Myctophiformes","Myctophidae","Lampanyctus mexicanus","mesopelagic","oceanic","1.0","diel_yes","0.0","refuge_no","NA","season_NA","fusiform",NA,0,"0.0","1.0","1.0","1.0","schooling","3.15","none",NA,NA,NA,NA,NA,NA,0.996677740863787,0,0
"239","Cephalopoda","Oegopsida","Octopoteuthidae","Octopoteuthis nielseni","mesopelagic","oceanic","1.0","diel_yes","NA","refuge_NA","NA","season_NA","fusiform",NA,0,"0.0","0.0","0.0","0.0","NA","NA","none",NA,NA,NA,NA,NA,NA,0.332225913621262,0,0
"240","Malacostraca","Decapoda","Sergestidae","Robustosergia robusta","bathypelagic","oceanic","1.0","diel_yes","0.0","refuge_no","NA","season_NA","elongated",NA,1,"0.0","0.0","0.0","0.0","schooling","NA","none",8.60495067970822,0.0279356180334047,0.690944163683456,NA,NA,NA,2.85714285714286,0,0
"241","Malacostraca","Isopoda","Idoteidae","Idotea metallica","epipelagic","continental shelf","0.0","diel_no","1.0","refuge_yes","1.0","season_yes","fusiform",NA,1,"0.0","0.0","0.0","0.0","schooling","NA","none",2.86262590472009,0.0646699312888026,0.841835991039137,NA,NA,NA,3.7037037037037,0,0
"242","Actinopterygii","Ateleopodiformes","Ateleopodidae","Ateleopus natalensis","benthic","continental shelf","NA","diel_UN","NA","refuge_NA","NA","season_NA","elongated",60,0,"0.0","0.0","0.0","0.0","NA","4.0","none",13.3488106490233,0.0181441084752163,0.94681268494452,NA,NA,NA,0.5,0.3,0.5
"243","Actinopterygii","Aulopiformes","Alepisauridae","Alepisaurus ferox","mesopelagic","oceanic","1.0","diel_yes","0.0","refuge_no","1.0","season_yes","elongated",215,0,"0.0","0.0","1.0","0.0","shoaling","4.39","none",14.3410788483398,0.0260265732773525,0.881745650515243,1.7,NA,NA,2.7,0.3,1
"244","Actinopterygii","Aulopiformes","Notosudidae","Scopelosaurus hoedti","mesopelagic","oceanic","1.0","diel_yes","0.0","refuge_no","NA","season_NA","elongated",14,0,"0.0","0.0","1.0","0.0","NA","3.3","none",12.4475841005471,0.0500598409184787,0.886146915633131,NA,NA,NA,0.5,0,0.2
"245","Actinopterygii","Aulopiformes","Paralepididae","Lestidiops similis","mesopelagic","oceanic","1.0","diel_yes","0.0","refuge_no","NA","season_NA","elongated",20,0,"0.0","0.0","0.0","0.0","NA","4.2","none",17.2142802152598,0.0369048079677297,0.93301655416459,NA,NA,NA,1.6,0.2,0.1
"246","Actinopterygii","Aulopiformes","Paralepididae","Lestrolepis intermedia","mesopelagic","oceanic","1.0","diel_yes","0.0","refuge_no","NA","season_NA","elongated",33.8,0,"1.0","0.0","1.0","0.0","NA","4.0","none",16.6999673960951,0.0264096781289054,0.936908060827257,NA,NA,NA,16.3,4.4,4.9
"247","Actinopterygii","Aulopiformes","Scopelarchidae","Scopelarchus analis","mesopelagic","oceanic","1.0","diel_yes","0.0","refuge_no","1.0","season_yes","elongated",12.6,0,"0.0","0.0","0.0","0.0","NA","4.2","none",7.79666322395798,0.0553915767145919,0.897950703040272,NA,NA,NA,6,1,0.9
"248","Actinopterygii","Beryciformes","Berycidae","Beryx splendens","demersal","continental slope","1.0","diel_yes","1.0","refuge_yes","0.0","season_no","fusiform",70,1,"0.0","0.0","1.0","1.0","schooling","3.81","commercial",3.31717375787226,0.0963723017930209,0.786926233530097,NA,19.71,2.615,1.6,0.2,0.4
"249","Actinopterygii","Beryciformes","Diretmidae","Diretmus argenteus","demersal","continental slope","1.0","diel_yes","NA","refuge_NA","NA","season_NA","compressiform",27.6,1,"0.0","0.0","1.0","1.0","NA","3.4","potential",1.61586696177017,0.177904491377918,0.848252449000288,NA,NA,NA,11.4,2.6,4.6
"250","Actinopterygii","Clupeiformes","Engraulidae","Engraulis capensis","epipelagic","coastal","1.0","diel_yes","0.0","refuge_no","1.0","season_yes","elongated",17,0,"0.0","0.0","1.0","1.0","schooling","3.0","minor commercial",5.44691662214013,0.0652579846829429,1.1066477173981,5.13,12.0460666666667,4.231,10,3.8,4.4
"251","Actinopterygii","Gadiformes","Bregmacerotidae","Bregmaceros mcclellandi","mesopelagic","oceanic","1.0","diel_yes","0.0","refuge_no","1.0","season_yes","elongated",9.6,0,"0.0","0.0","1.0","1.0","NA","3.3","commercial",6.39146003196012,0.0409421713537944,0.911375302229822,NA,15,1.6,2.1,0.3,0.2
"252","Actinopterygii","Gadiformes","Moridae","Antimora rostrata","benthic","continental slope","0.0","diel_no","NA","refuge_NA","1.0","season_yes","elongated",80,0,"0.0","0.0","1.0","0.0","shoaling","3.58","none",5.15575784349625,0.0428873675194979,0.89197088973677,4.32825,NA,0.29,0.7,0,0.5
"253","Actinopterygii","Lophiiformes","Ceratiidae","Ceratias tentaculatus","demersal","continental shelf","NA","diel_UN","NA","refuge_NA","NA","season_NA","compressiform",88,1,"0.0","0.0","0.0","0.0","solitary","3.3","none",2.87649927478139,0.016449969931753,0.716383849548678,NA,NA,NA,0.5,0.1,0.3
"254","Actinopterygii","Myctophiformes","Myctophidae","Diaphus effulgens","mesopelagic","oceanic","1.0","diel_yes","0.0","refuge_no","0.0","season_no","fusiform",15,0,"0.0","0.0","0.0","0.0","schooling","3.0","none",3.80107485115547,0.24434932875668,2.47667187636059,NA,16.54,4.86,2.1,0.2,0.2
"255","Actinopterygii","Myctophiformes","Myctophidae","Diaphus lucidus","mesopelagic","oceanic","1.0","diel_yes","0.0","refuge_no","1.0","season_yes","fusiform",11.8,0,"0.0","0.0","0.0","0.0","schooling","3.0","none",5.55089427775088,0.0519066044562339,0.797003410114818,NA,NA,NA,7.9,5.8,4.4
"256","Actinopterygii","Myctophiformes","Myctophidae","Diaphus ostenfeldi","mesopelagic","oceanic","1.0","diel_yes","0.0","refuge_no","1.0","season_yes","fusiform",12,0,"0.0","0.0","0.0","0.0","schooling","3.2","none",4.7674860998262,0.0623316940455414,0.789517673191642,NA,NA,NA,0.7,0,0
"257","Actinopterygii","Myctophiformes","Myctophidae","Diaphus perspicillatus","mesopelagic","oceanic","1.0","diel_yes","0.0","refuge_no","1.0","season_yes","fusiform",7.1,0,"0.0","0.0","0.0","0.0","schooling","3.12","none",5.10726879170806,0.0735945023970887,0.810870167624793,NA,NA,3.15,7.9,5.8,5
"258","Actinopterygii","Myctophiformes","Myctophidae","Hygophum hygomii","mesopelagic","oceanic","1.0","diel_yes","0.0","refuge_no","1.0","season_yes","fusiform",6.8,0,"0.0","0.0","1.0","0.0","schooling","3.0","none",4.81653707068362,0.106097798699724,0.818556435538191,6.06,NA,1.75,0.7,0,0
"259","Actinopterygii","Myctophiformes","Myctophidae","Lampanyctodes hectoris","mesopelagic","oceanic","1.0","diel_yes","0.0","refuge_no","1.0","season_yes","elongated",7,0,"0.0","0.0","1.0","0.0","shoaling","3.2","commercial",6.05931602764976,0.0682354908711383,0.806609002237309,NA,14.7,18.4,23.4,11.7,10.8
"260","Actinopterygii","Myctophiformes","Myctophidae","Lampadena luminosa","mesopelagic","oceanic","1.0","diel_yes","0.0","refuge_no","1.0","season_yes","elongated",20,0,"0.0","0.0","1.0","0.0","shoaling","3.2","none",5.5116316306489,0.0578070596523439,0.845808726159853,3.971,11.2,1,0.5,0.3,0.5
"261","Actinopterygii","Myctophiformes","Myctophidae","Myctophum asperum","mesopelagic","oceanic","1.0","diel_yes","0.0","refuge_no","1.0","season_yes","elongated",8.5,0,"0.0","0.0","1.0","1.0","shoaling","3.68","none",4.97091626580269,0.078439400184206,0.874563772895465,NA,NA,10.8,2.2,0.9,0.6
"262","Actinopterygii","Myctophiformes","Myctophidae","Symbolophorus barnardi","mesopelagic","oceanic","1.0","diel_yes","0.0","refuge_no","1.0","season_yes","elongated",11.6,0,"0.0","0.0","1.0","0.0","shoaling","3.1","none",6.04778527444463,0.084093081805995,0.829524475572311,NA,NA,NA,9,3.7,4.7
"263","Actinopterygii","Myctophiformes","Myctophidae","Symbolophorus evermanni","mesopelagic","oceanic","1.0","diel_yes","0.0","refuge_no","1.0","season_yes","elongated",8,0,"0.0","0.0","0.0","0.0","shoaling","3.4","none",5.69939860307993,0.0784734780154199,0.841584169970423,NA,13,3.1,0.3,0,0
"264","Actinopterygii","Osmeriformes","Microstomatidae","Nansenia macrolepis","mesopelagic","oceanic","NA","diel_UN","0.0","refuge_no","NA","season_NA","elongated",20,0,"0.0","0.0","1.0","0.0","shoaling","3.3","none",8.40076428191361,0.0691027183895802,0.904024322130029,NA,NA,NA,13.6,5,4.2
"265","Actinopterygii","Osmeriformes","Opisthoproctidae","Monacoa grimaldii","mesopelagic","oceanic","NA","diel_UN","0.0","refuge_no","NA","season_NA","compressiform",8,0,"0.0","0.0","1.0","0.0","NA","4.0","none",2.98446575531221,0.0752736549566199,0.805703195279876,NA,NA,NA,0.5,0,0
"266","Actinopterygii","Perciformes","Carangidae","Decapterus macarellus","epipelagic","oceanic","NA","diel_UN","0.0","refuge_no","1.0","season_yes","fusiform",46,1,"0.0","0.0","1.0","1.0","schooling","3.24","commercial",5.21135981976042,0.0534379996856572,0.860141523125019,6.52704,NA,NA,0.5,0.1,0
"267","Actinopterygii","Perciformes","Carangidae","Decapterus macrosoma","epipelagic","reef-associated","NA","diel_UN","0.0","refuge_no","1.0","season_yes","fusiform",35,1,"0.0","0.0","1.0","1.0","schooling","3.4","commercial",5.91040197007838,0.0599157525191535,0.861187129440701,NA,38.59,6.55,0.5,0,0.1
"268","Actinopterygii","Perciformes","Gempylidae","Lepidocybium flavobrunneum","mesopelagic","continental slope","1.0","diel_yes","0.0","refuge_no","1.0","season_yes","fusiform",200,1,"0.0","0.0","1.0","0.0","schooling","4.34","minor commercial",5.01900681059791,0.0482682624172704,0.84269424365906,10.16,16.7926666666667,19.6745,1.6,0,0
"269","Actinopterygii","Perciformes","Gempylidae","Rexea prometheoides","mesopelagic","continental slope","NA","diel_UN","0.0","refuge_no","NA","season_NA","elongated",40,1,"0.0","0.0","1.0","1.0","schooling","4.17","commercial",5.62502428817955,0.0618389041503701,0.860340121039915,NA,NA,NA,2.2,0.1,0.7
"270","Actinopterygii","Perciformes","Gempylidae","Thyrsitoides marleyi","mesopelagic","continental slope","1.0","diel_yes","0.0","refuge_no","NA","season_NA","elongated",200,1,"0.0","0.0","1.0","0.0","NA","4.19","minor commercial",9.67307911316473,0.0381516329395581,0.888746458914491,NA,NA,NA,2.7,0.4,0.9
"271","Actinopterygii","Perciformes","Istiophoridae","Makaira mazara","epipelagic","oceanic","1.0","diel_yes","0.0","refuge_no","1.0","season_yes","elongated",500,0,"0.0","0.0","1.0","1.0","solitary","4.46","commercial",7.14598982153136,0.0162370048944224,0.848343932409614,NA,24.4,2.7,0.5,0.5,0.5
"272","Actinopterygii","Perciformes","Nomeidae","Cubiceps capensis","epipelagic","oceanic","NA","diel_UN","0.0","refuge_no","NA","season_NA","fusiform",101,1,"0.0","0.0","1.0","1.0","schooling","3.4","minor commercial",4.36444781004189,0.0550284965003339,0.846594016997028,NA,NA,NA,0.7,0.1,0.5
"273","Actinopterygii","Perciformes","Nomeidae","Cubiceps pauciradiatus","mesopelagic","oceanic","1.0","diel_yes","0.0","refuge_no","0.0","season_no","fusiform",20,1,"0.0","0.0","1.0","0.0","schooling","3.6","none",4.56836672675342,0.0741774131177847,0.826186562516286,NA,NA,NA,70.7,69.4,69.4
"274","Actinopterygii","Perciformes","Priacanthidae","Cookeolus japonicus","demersal","reef-associated","0.0","diel_no","1.0","refuge_yes","1.0","season_yes","fusiform",69,1,"0.0","0.0","1.0","0.0","solitary","3.5","commercial",3.19773664074539,0.0920740252315363,0.780618531163437,NA,NA,NA,0.5,0.2,0
"275","Actinopterygii","Perciformes","Scombrolabracidae","Scombrolabrax heterolepis","mesopelagic","continental shelf","1.0","diel_yes","0.0","refuge_no","0.0","season_no","fusiform",30,1,"0.0","0.0","0.0","0.0","NA","3.95","none",5.05532478667329,0.0823463573003606,0.840498924498831,NA,NA,NA,0.5,0,0
"276","Actinopterygii","Scorpaeniformes","Dactylopteridae","Dactyloptena orientalis","benthic","reef-associated","0.0","diel_no","1.0","refuge_yes","0.0","season_no","elongated",40,1,"0.0","1.0","0.0","0.0","solitary","3.68","minor commercial",6.40668171580325,0.08811843850673,0.835581269521768,NA,NA,NA,1.1,0.1,0
"277","Actinopterygii","Stomiiformes","Sternoptychidae","Argyropelecus aculeatus","mesopelagic","oceanic","1.0","diel_yes","0.0","refuge_no","0.0","season_no","compressiform",8.3,1,"0.0","0.0","1.0","0.0","solitary","3.71","none",1.68311866984355,0.109884274313756,0.841177800826606,3.428,11.3,1,0.5,0,0
"278","Actinopterygii","Tetraodontiformes","Balistidae","Balistes punctatus","demersal","coastal","NA","diel_UN","NA","refuge_NA","NA","season_NA","compressiform",60,0,"0.0","1.0","0.0","0.0","solitary","3.36","commercial",2.31521759704951,0.0583284431658351,0.817719444437945,NA,NA,NA,1.1,0.2,0.2
"279","Actinopterygii","Tetraodontiformes","Balistidae","Canthidermis maculata","epipelagic","reef-associated","0.0","diel_no","1.0","refuge_yes","0.0","season_no","compressiform",50,1,"0.0","1.0","0.0","1.0","schooling","3.47","commercial",3.07111547875522,0.0462861369896785,0.830266635429824,1.92,20.58,0.59,1.6,0.1,0
"280","Actinopterygii","Tetraodontiformes","Molidae","Masturus lanceolatus","mesopelagic","oceanic","1.0","diel_yes","0.0","refuge_no","0.0","season_no","compressiform",337,0,"0.0","0.0","0.0","1.0","solitary","3.61","none",2.17580241070474,0.0340841410419296,0.867902111813334,NA,NA,NA,0.5,0.1,0
"281","Actinopterygii","Tetraodontiformes","Molidae","Ranzania laevis","epipelagic","oceanic","1.0","diel_yes","0.0","refuge_no","1.0","season_yes","compressiform",100,0,"0.0","1.0","1.0","1.0","solitary","3.66","none",2.31997268915271,0.0510461357665357,0.933207867172914,NA,NA,NA,2.2,1.3,1.6
"282","Actinopterygii","Tetraodontiformes","Ostraciidae","Ostracion cubicus","demersal","reef-associated","0.0","diel_no","1.0","refuge_yes","0.0","season_no","globiform",45,0,"0.0","1.0","0.0","0.0","solitary","3.37","minor commercial",3.3018609841914,0.0562292798384199,0.711901524280422,NA,NA,NA,1.6,0.2,0
"283","Actinopterygii","Tetraodontiformes","Tetraodontidae","Lagocephalus lagocephalus","demersal","oceanic","NA","diel_UN","1.0","refuge_yes","1.0","season_yes","fusiform",61,0,"0.0","0.0","1.0","1.0","solitary","3.73","commercial",4.64979311729985,0.0444428720889569,0.843683625349189,NA,NA,NA,1.6,0,0
"284","Cephalopoda","Octopoda","Tremoctopodidae","Tremoctopus gracilis","epipelagic","oceanic","NA","diel_UN","0.0","refuge_no","NA","season_NA","globiform",32,0,"0.0","0.0","0.0","0.0","solitary","NA","none",8.39142434506012,0.0183964482254796,0.17098433884444,NA,NA,NA,3.2,0.1,1.5
"285","Cephalopoda","Oegopsida","Chiroteuthidae","Grimalditeuthis bonplandi","bathypelagic","oceanic","NA","diel_UN","0.0","refuge_no","NA","season_NA","fusiform",25,0,"0.0","0.0","0.0","0.0","NA","NA","none",10.94204763275,0.0120075977105752,0.445776692752323,NA,1.84,NA,0.5,0,0
"286","Cephalopoda","Oegopsida","Enoploteuthidae","Abraliopsis gilchristi","mesopelagic","continental slope","1.0","diel_yes","0.0","refuge_no","NA","season_NA","fusiform",5.1,0,"0.0","0.0","0.0","0.0","NA","NA","none",5.63084699136462,0.0501037359549266,0.422439939371084,NA,NA,NA,0.7,0.2,0.1
"287","Cephalopoda","Oegopsida","Enoploteuthidae","Abraliopsis morisii","mesopelagic","oceanic","1.0","diel_yes","0.0","refuge_no","NA","season_NA","fusiform",3.5,0,"0.0","0.0","0.0","0.0","NA","NA","none",8.38990602283222,0.0421377421237308,0.349336874571408,NA,NA,NA,4.9,3.4,3.4
"288","Cephalopoda","Oegopsida","Histioteuthidae","Histioteuthis meleagroteuthis","mesopelagic","oceanic","1.0","diel_yes","0.0","refuge_no","NA","season_NA","fusiform",11.4,0,"0.0","0.0","0.0","0.0","NA","NA","none",6.26480661479157,0.0435681657543741,0.29578180004895,NA,NA,NA,0.5,0,0
"289","Cephalopoda","Oegopsida","Histioteuthidae","Stigmatoteuthis dofleini","mesopelagic","oceanic","NA","diel_UN","0.0","refuge_no","NA","season_NA","fusiform",33.5,0,"0.0","1.0","0.0","0.0","NA","NA","none",8.85496886007114,0.0368309997434481,0.268645999224192,2.65,NA,NA,2.2,0.6,0.5
"290","Cephalopoda","Oegopsida","Histioteuthidae","Stigmatoteuthis hoylei","mesopelagic","oceanic","1.0","diel_yes","0.0","refuge_no","NA","season_NA","fusiform",24,0,"0.0","1.0","0.0","0.0","NA","3.45","none",6.15980761649445,0.050968722656712,0.276122126391205,NA,NA,NA,1.6,0.6,1.1
"291","Cephalopoda","Oegopsida","Octopoteuthidae","Octopoteuthis rugosa","demersal","oceanic","1.0","diel_yes","0.0","refuge_no","NA","season_NA","fusiform",23,0,"0.0","0.0","0.0","0.0","NA","NA","none",NA,NA,NA,NA,NA,NA,1,0.1,0.2
"292","Cephalopoda","Oegopsida","Octopoteuthidae","Taningia danae","mesopelagic","oceanic","1.0","diel_yes","0.0","refuge_no","NA","season_NA","fusiform",170,0,"0.0","0.0","0.0","0.0","solitary","4.07","potential",5.35924831678219,0.0542373572825477,0.524351031100533,NA,NA,NA,3.3,0.2,0
"293","Cephalopoda","Oegopsida","Onychoteuthidae","Onykia loennbergii","mesopelagic","oceanic","NA","diel_UN","0.0","refuge_no","NA","season_NA","fusiform",30,0,"0.0","0.0","0.0","0.0","NA","NA","NA",5.31768720055736,0.0171098859566186,0.541527707572006,NA,NA,NA,0.5,0,0.3
"294","Cephalopoda","Oegopsida","Onychoteuthidae","Walvisteuthis rancureli","mesopelagic","oceanic","NA","diel_UN","0.0","refuge_no","NA","season_NA","fusiform",15,0,"0.0","0.0","0.0","0.0","NA","NA","none",5.63000781823782,0.021053118832505,0.468432946047964,NA,NA,NA,26.6,8.6,11.3
"295","Cephalopoda","Oegopsida","Thysanoteuthidae","Thysanoteuthis rhombus","mesopelagic","oceanic","1.0","diel_yes","0.0","refuge_no","1.0","season_yes","fusiform",100,0,"0.0","0.0","0.0","0.0","pairing","4.49","commercial",5.12470139812295,0.0408813440276422,0.605999419252274,NA,NA,NA,1.6,0,0.6
"296","Cephalopoda","Spirulida","Spirulidae","Spirula spirula","mesopelagic","continental slope","1.0","diel_yes","0.0","refuge_no","0.0","season_no","globiform",4.5,1,"0.0","1.0","0.0","0.0","NA","3.26","none",3.3937990573712,0.0594924604561882,0.581458962868577,NA,NA,NA,0.7,0.1,0
"297","Malacostraca","Amphipoda","Cyphocarididae","Cyphocaris faurei","demersal","continental slope","NA","diel_UN","0.0","refuge_no","NA","season_NA","fusiform",3,1,"0.0","1.0","0.0","0.0","schooling","NA","none",NA,NA,NA,NA,NA,NA,1.6,0.1,0
"298","Malacostraca","Decapoda","Oplophoroidae","Janicella spinicauda","bathypelagic","continental slope","1.0","diel_yes","0.0","refuge_no","0.0","season_no","elongated",1.04,1,"1.0","1.0","0.0","0.0","schooling","3.52","none",7.91494079325559,0.0338703895264318,0.839056861902585,NA,NA,NA,2.2,0.5,0.1
"299","Malacostraca","Decapoda","Oplophoroidae","Oplophorus typus","mesopelagic","continental slope","1.0","diel_yes","0.0","refuge_no","0.0","season_no","elongated",3.9,1,"0.0","0.0","0.0","0.0","schooling","3.2","none",5.89588604519325,0.0517846379690128,0.8586609976282,NA,NA,NA,3.2,0.5,0.3
"300","Malacostraca","Decapoda","Pandalidae","Heterocarpus laevigatus","benthic","continental slope","1.0","diel_yes","1.0","refuge_yes","1.0","season_yes","elongated",18,1,"0.0","1.0","0.0","0.0","schooling","NA","potential",6.2282297466484,0.0193173420909112,0.83902257126344,NA,NA,NA,3.2,0.3,0.1
"301","Malacostraca","Decapoda","Penaeidae","Funchalia taaningi","mesopelagic","continental shelf","1.0","diel_yes","0.0","refuge_no","0.0","season_no","elongated",2.3,1,"0.0","0.0","0.0","0.0","schooling","2.71","none",8.48547145125077,0.0340698839177075,0.805986004520335,NA,NA,NA,1.6,0.2,0.3
"302","Malacostraca","Decapoda","Penaeidae","Funchalia woodwardi","mesopelagic","continental slope","1.0","diel_yes","0.0","refuge_no","0.0","season_no","elongated",16,1,"0.0","0.0","0.0","0.0","schooling","2.7","none",7.38437798243504,0.0345781124640352,0.834755460910623,NA,NA,NA,0.7,0.1,0.1
"303","Malacostraca","Decapoda","Scyllaridae","Parribacus antarcticus","benthic","reef-associated","0.0","diel_no","1.0","refuge_yes","0.0","season_no","depressiform",20,1,"0.0","1.0","0.0","0.0","solitary","NA","commercial",2.02087105326165,0.0300846646404535,0.826315933518535,NA,NA,NA,0.5,0.1,0
"304","Malacostraca","Stomatopoda","Lysiosquillidae","Lysiosquilla tredecimdentata","benthic","coastal","0.0","diel_no","1.0","refuge_yes","0.0","season_no","elongated",2.76,1,"0.0","1.0","0.0","0.0","pairing","NA","none",5.29578578504031,0.033316973652269,0.896962942250214,NA,NA,NA,7.9,0.9,0.7
"305","Malacostraca","Stomatopoda","Odontodacylidae","Odontodactylus scyllarus","benthic","reef-associated","0.0","diel_no","1.0","refuge_yes","0.0","season_no","elongated",17,0,"0.0","1.0","0.0","0.0","solitary","4.2","none",4.74495140708049,0.0440978146660678,0.757349043556213,NA,NA,NA,27,5.1,2.4
"306","Malacostraca","Stomatopoda","Squillidae","Natosquilla investigatoris","epipelagic","oceanic","NA","diel_UN","0.0","refuge_no","NA","season_NA","elongated",6.3,0,"0.0","0.0","0.0","0.0","schooling","NA","none",5.40096349542541,0.0474466444446711,0.808156730412995,NA,NA,NA,2,1.8,1.5
"307","Malacostraca","Stomatopoda","Squilllidae","Neoanchisquilla tuberculata","benthic","reef-associated","NA","diel_UN","1.0","refuge_yes","NA","season_NA","elongated",7.4,0,"0.0","1.0","0.0","0.0","schooling","NA","none",5.55795735591298,0.0390088718804772,0.8277189862258,NA,NA,NA,9.5,1.1,0.4
"308","Thaliacea","Salpida","Salpidae","Salpa maxima","epipelagic","oceanic","1.0","diel_yes","0.0","refuge_no","NA","season_NA","globiform",10,0,"0.0","0.0","0.0","0.0","schooling","NA","none",NA,NA,NA,NA,NA,NA,4.8,1.9,1.3
